ID,pair_id,sentence,MOS
1,1,"Cette page présente la filmographie complète de Mel Gibson, listant ses crédits en tant qu'acteur, réalisateur, producteur et scénariste.",1.6
2,2,"Le quadrangle de Nemesis Tesserae (littéralement :  quadrangle des tessères de Némésis), aussi identifié par le code USGS V-13, est une région cartographique en quadrangle sur Vénus.",4.0
3,3,La chapelle fut détruite durant la Seconde Guerre mondiale par l'armée française lorsqu'elle fit sauter les carrefours afin de ralentir la progression des Allemands.,1.8
4,4,"Wilhelm Abeken nous a laissé un ouvrage de référence en allemand : L'Italie centrale avant la domination romaine, d'après ses monuments (Mittelitalien vor den Zeiten römischer Herrschaft. Nach seinen Denkmalen), Cotta : Stuttgart und Tübingen, 1843.",4.0
5,5,"Sa parution devient bimestrielle à partir du no 40 de décembre 2009, toujours à destination du marché civil de l’hélicoptère.",3.6
6,6,"Certains chapitres solennels donnent lieu à des manifestations extérieures telles que messes, processions, proclamations, etc.",2.6
7,7,"Le Pentax A3 est un appareil photographique reflex argentique à objectif interchangeable (baïonnette KA) fabriqué par Pentax, entre 1984 et 1985.",3.0
8,8,Lippold estimait que « l'art caractéristique de [son] époque doit faire honneur à la conquête de l'espace » et cette œuvre symbolise cette conquête.,3.0
9,9,"Souvent, les entreprises privées sont détenues par les fondateurs de l'entreprise ou leurs familles et héritiers ou par un petit groupe d'investisseurs.",3.4
10,10,Le tâtonnement walrasien est un concept inventé par l'économiste néo-classique Léon Walras permettant de trouver l'équilibre général en ajustant l'offre et demande.,2.2
11,11,"En juin 1897, le plus récent de ses dirigeables, le Deutschland, prend feu lors d'un vol à Berlin et s'écrase, tuant à la fois le pionnier de l'aviation et son copilote.",3.5
12,12,Il permet de caractériser l'idéalité d'un tel réacteur et est un paramètre important pour l'étude de la distribution de temps de séjour.,3.4
13,13,"Le Centre national du graphisme également appelé Le Signe est un centre d’art dédié à l’accompagnement, au développement et au rayonnement du design graphique.",4.0
14,14,"Bien que parlé par une population réduite (les Yaghnobis), le yaghnobi présente un intérêt particulier pour les linguistes car il s'agit du seul parler moderne descendant du sogdien médiéval.",2.2
15,15,"On utilise les termes d'hérédité mendélienne, monogénique ou monofactorielle pour caractériser la transmission des maladies dues à une mutation dans un seul gène.",2.75
16,16,La plaine d'Audra (désignation internationale : Audra Planitia) est une plaine située sur Vénus dans le quadrangle de Meskhent Tessera.,2.6
17,17,"Jusqu'à « récemment » avant sa mort, il a continué à donner des conseils sur les efforts de restauration et de conservation relatifs à la chapelle, y compris la salle de Constantin.",3.2
18,18,"Divers problèmes peuvent être évalués à l'aide de cette échelle comme des problèmes cognitifs, d'opposition, d'hyperactivité, anxieux et sociaux présents chez les enfants ainsi que les adolescents.",2.6
19,19,"Ainsi, en chimie non macromoléculaire, un macrocycle est une molécule organique avec une grande structure cyclique, habituellement contenant au moins 15 atomes.",2.8
20,20,"Dans l'importante biographie que lui consacre Philip Marchand en 1989, Neil Postman rappelle toutefois le pouvoir heuristique des hypothèses de McLuhan.",3.6
21,21,C'est un diagramme en 2D dont l'axe x correspond à la position d'un point dans la liste ordonnée et  l'axe y la reachability-distance associée à ce point.,4.2
22,22,"Le Conseil d'administration est composé de 9 à 15 personnes, en activité dans un établissement ayant vocation à adhérer, élues par l'assemblée générale.",4.0
23,23,"Le mot, d'origine obscure (Jean-Henri Hassenfratz l'associe au mot « macération ») groupe un grand nombre de procédés développés indépendamment.",1.8
24,24,L'EDA exprime les priorités de l'industrie de transformation du lait au niveau de l'UE et tente d'influencer les stratégies européennes par du lobbying.,4.0
25,25,Cette valeur locative est ensuite diminuée d’un abattement de 50 % pour la TFPB et de 20 % pour la TFNB de manière à obtenir le revenu cadastral servant à l’imposition.,3.4
26,26,"Ces deux hommes que la vision de l’art sépare, Mondrian promoteur de l’art abstrait et Eekman violemment contre, resteront liés par une amitié indéfectible tout au long de leur vie.",3.4
27,27,"Issue de la haute société athénienne, elle se déguisa en homme pour suivre les cours de médecine du célèbre médecin Hérophile.",2.2
28,28,"L'anuscopie est un examen médical faisant partie de l'examen proctologique, qui comprend également le toucher rectal et la rectoscopie.",2.8
29,29,"Elle encourage ses membres, appelés Chevaliers, à œuvrer pour la défense de la Cité par la devise : Honneur et Courtoisie.",2.6
30,30,"En mai 2016, ce nombre a été porté à un billion (mille milliards) d'espèces estimées sur Terre avec seulement un millième de pour cent décrit.",2.8
31,31,"L'exemple ci-dessous montre que, même si le résultat obtenu est satisfaisant, certaines couleurs s'affaiblissent entre leur représentation en rouge-vert-bleu à l'écran et leur production quadrichromique.",3.6
32,32,"De nos jours, la plaine de la Messara est communément appelée le « verger de la Crète », de nombreux exploitations agricoles profitant de son sol fertile.",3.0
33,33,"Fondé le 17 mars 1872 par décision du Reichstag, il s'agit du deuxième institut archéologique étranger d'Athènes à l'être après l'école française d’Athènes, établie en 1846.",3.8
34,34,"Le traceur choisi ne doit pas modifier les propriétés physiques du milieu (même densité, même viscosité) et l'introduction du traceur ne doit pas modifier les conditions hydrodynamiques.",2.8
35,35,"L'art devint autonome en 1677, mais ce nouveau statut comporta une taxation plus élevée que lorsqu'ils furent unis aux marzeri.",3.8
36,36,"Sa diffusion est freinée par la guerre de Trente Ans, mais la culture du tabac se répand et réussit surtout dans la partie méridionale du département du Haut-Rhin.",3.0
37,37,"L’alutiiq, aussi appelé yupik du Golfe Pacifique ou sugpiaq, est une des langues yupik, de la famille des langues eskimo-aléoutes, parlée traditionnellement par les Alutiiq.",4.6
38,38,"La Patinoire olympique de Gjøvik est une salle de sport située à Gjøvik, en Norvège, construite à l'occasion des Jeux olympiques d'hiver de 1994.",2.6
39,39,"Un monument ou site historique est déclaré comme « monument culturel national » (en slovaque : národná kultúrna pamiatka, abrégé en NKP).",2.75
40,40,"Dans le nord, la côte du golfe, également appelée la Divina Costiera en raison de sa beauté, est accidentée par les versants rocheux des monts Lattari qui tombent dans la mer.",3.0
41,41,"Le semis direct sans labour est aujourd’hui largement utilisé pour le maïs et le soja aux États-Unis, mais aussi au Brésil, en Argentine, au Canada, en Australie.",2.8
42,42,"Sculpture monumentale en béton créée en 1966, il s'agit d'un monument à la mémoire des victimes du camp d'extermination de Jasenovac, en Croatie.",2.0
43,43,"Certaines des premières usines d'épuration vivantes ont été utilisées pour traiter les eaux usées domestiques dans de petits villages soucieux de l'environnement, tels que Findhorn Community en Écosse.",3.2
44,44,"En effet, le nombre de postes à pourvoir dans le secteur a augmenté rapidement et de plus en plus de femmes sont entrées dans la vie active.",2.2
45,45,C'est la première grande académie d'art où le peintre espagnol Antonio Fabrés a enseigné et aussi le premier musée d'art des Amériques.,3.75
46,46,"Howard, Mackie a été étroitement associé à la croissance de Calgary, ville devenue un véritable centre d'affaires international.",2.8
47,47,Ce type de logiciel permet à l’utilisateur de se déplacer librement autour du globe en changeant la position et l’angle de vue.,3.0
48,48,"Cette discipline est une synthèse des domaines des sciences naturelles (botanique, pédologie, agronomie) avec les techniques de chantier.",2.2
49,49,Le rez-de-chaussée est alloué à des fins militaires et le public n'a seulement accès qu'au sous-sol où un débit de boisson sert de l'alcool.,3.6
50,50,"Le record est de 17135 et fut établi le 31 janvier 2015, lors de la rencontre opposant Antwerp Giants face au Spirou Basket.",2.4
51,51,"Selon les auteurs Sue Farran, James Gallen et Christa Rautenbach, le droit autrichien est la source d'inspiration principale du nouveau code civil tchèque.",1.4
52,52,"Elle aurait fonctionné du Ier au VIe siècle, date à laquelle elle a été détruite lors d'une attaque de la ville par des tribus locales.",2.0
53,53,"Le film a été réalisé par Jonas Åkerlund, connu pour être l'auteur de vidéo-clips musicaux, d'annonces publicitaires et du long métrage Spun.",2.8
54,54,"Pour que l’entretien en face à face soit réalisé dans les meilleures conditions possibles, il faut qu’il réponde à certaines conditions.",2.6
55,55,"Il a également écrit l'une des trois premières symphonies lettristes : la Symphonie en K, « première polyphonie ciselante»,, datée de 1947.",2.4
56,56,"Une grande fête est organisée à l'occasion du Nouvel An, chaque année des feux d'artifice et des concerts sont donnés sur la place adjacente.",2.2
57,57,"Découverte en 1892 par Carl Anton Larsen à bord du Jason, elle a été nommée en l'honneur d'Oscar II, roi de Suède de 1872 à 1907 et de Norvège de 1872 à 1905.",4.4
58,58,Le premier compilateur auto-hébergé (si l'on exclut les assembleurs) a été écrit pour le Lisp par Hart et Levin au Massachusetts Institute of Technology (MIT) en 1962.,3.0
59,59,"La liste suivante n'inclut pas les plus petits objets comme les ressorts, les fragments, les parachutes ou les boucliers thermiques.",1.0
60,60,"En fiabilité, le schéma fonctionnel permet de représenter les systèmes complexes, c'est-à-dire ayant plusieurs possibilités de défaillance.",2.4
61,61,"L'utilisateur étant à l'origine du besoin en information, il est apparu nécessaire de compléter la simple requête par des informations supplémentaires en provenance de l'utilisateur.",3.0
62,62,Les Jeux du Val-de-Marne sont une compétition omnisports créée en 1967 par le Conseil général et qui se déroule chaque année dans le département du Val-de-Marne.,2.8
63,63,"Le peba est une langue amérindienne de la famille des langues peba-yaguanes parlée en Amazonie péruvienne, dans la région de Loreto.",2.8
64,64,Un capteur plan est un appareil qui permet d'obtenir instantanément une image radiologique numérique lors de la prise d'une radiographie.,3.0
65,65,L’isométrataxie est l'incapacité à maintenir une force musculaire constante durant une performance manuelle comme la préhension.,3.0
66,66,L'artiste dadaïste Max Ernst a peint des courbes de Lissajous directement en suspendant un pot de peinture percé au-dessus du canevas.,2.2
67,67,"En effet, les processus biologiques exacts qui se produisent sont inconnus, même 50 ans après sa découverte, mais de nombreuses études présentent des théories sur les mécanismes du lupus médicamenteux.",2.8
68,68,"Certaines configurations de l'environnement (par exemple, une falaise au-dessus de la mer) peuvent provoquer des situations dangereuses (par exemple le fait de se trouver en hauteur au-dessus de la mer).",1.3333333333333333
69,69,"Néanmoins, l’effet de la fréquence de commutation sur les valeurs des éléments de filtrage n’a pas été évoqué dans son travail.",3.4
70,70,Un moteur de workflow est un dispositif logiciel permettant d'exécuter des instances de workflow (l'enchaînement des activités décrit par la définition de processus de workflow).,4.4
71,71,"Un exemple typique est la représentation de cartes à jouer ordinaires : la suite (""couleur"") ainsi que la hauteur (nombre ou figure) de la carte peuvent être représentés par des énumérations.",3.0
72,72,"Dans le champ de l'écologie, le terme « basophile » désigne des organismes qui se développent exclusivement dans un environnement qui contient des substances qui lui confèrent une certaine alcalinité.",4.6
73,73,"Au niveau mondial, il existe de nombreux logiciels d’envoi de masse de courrier électronique et de gestion de la relation client B2C, dont Brevo, Klaviyo, Sarbacane, Mailchimp, etc.",2.6
74,74,"Le congrès des États-Unis vote le Semiconductor Chip Protection Act, une loi qui protège juridiquement les schémas électroniques.",2.0
75,75,"Mais en réalité, le Parfait Pêcheur à la ligne, tout comme le Voyage du pèlerin, cherche avant tout à guider l'individu au sens large plutôt que le simple amateur de pêche.",3.6
76,76,"Certains biologistes, tels Hugo de Vries, suggèrent de contrôler et de diriger les mécanismes de l'évolution en laboratoire pour créer de nouvelles formes de vie présentant des propriétés nouvelles.",3.4
77,77,"Une commercialisation efficace implique l’apprentissage de nouvelles compétences, de nouvelles techniques et de nouveaux modes d’obtention de l’information.",2.4
78,78,"Straight-through processing (STP) est un principe de traitement des opérations au fil de l'eau, c'est-à-dire sans rupture ou sans délai (littéralement : ""traitement tout droit à travers"").",3.4
79,79,"Le premier se fait aux États-Unis (1935-1936), durant lequel, en tant que Rockefeller Fellow, il enseigne dans les différentes universités que sont Harvard, Northwestern, Chicago et Berkeley.",3.25
80,80,"Carlo Cattaneo (1911-1979) est un mathématicien et physicien italien connu pour ses travaux en physique statistique, en mécanique des milieux continus et en relativité générale.",1.2
81,81,"Il agit en bloquant les récepteurs de cette dernière, ce qui diminue la LH et arrête donc l'ovulation jusqu'à ce qu'elle soit souhaitée.",2.6
82,82,"Avec ""Voxeurop services"", le journal étend ses activités éditoriales en proposant des services éditoriaux sur-mesure et une traduction multilingue vers toutes les langues européennes.",2.8
83,83,"Elle représente un obélisque renversé, dont le sommet repose sur un piédestal pyramidal et dont le pied, pointé vers le haut, est brisé.",2.333333333333333
84,84,"Elle a remplacé la chambre des comptes de la Cour suprême, qui a été dissoute en 1998 et dont sont également issus la Cour de cassation et le Conseil d'État.",3.4
85,85,"L’Employment Act de 1990 a aboli strictement le closed shop, jugé attentatoire à la liberté de ne pas se syndiquer, garantie par la Charte sociale européenne.",2.4
86,86,"Le compartiment réacteur mesure quant à lui 38 pieds de long (soit environ 11,5 mètres), 42 pieds de profondeur (soit environ 12,8 mètres), 37 de large (soit environ 11,3 mètres) et pèse 2 250 tonnes.",3.5
87,87,"De même, on appelle aussi de petits boutons qui viennent sur le visage, des chaleurs de soie, parce qu’elles viennent d'un sang échauffé : c'est l'éruption miliaire chez les bébés.",3.2
88,88,La dénomination est souvent employée en lieu et place de independent press(es) ou indie press(es) (« éditeur indépendant »).,3.4
89,89,"La CBM est identifiée en déterminant la concentration la plus faible d'agent antibactérien qui réduit la viabilité de l'inoculum bactérien initial à un niveau supérieur ou égal à 99,9%.",3.6666666666666665
90,90,"Le district de Riaba (en espagnol : distrito de Riaba) est un district de Guinée équatoriale, constitué par la partie orientale de la province de Bioko-Sur, sur l'île de Bioko.",4.0
91,91,"L'ethnolinguistique selon ce premier paradigme vise à décrire, définir des typologies permettant de classer et de comparer les différentes langues.",2.6
92,92,"Cette page indique la filmographie complète de Sylvester Stallone, aussi bien au cinéma qu'à la télévision puis à la fois comme acteur, réalisateur, producteur et scénariste.",3.4
93,93,"Purement imaginaires, elles n'en sont pas moins indispensables pour l'étude de notre « banlieue galactique » la plus proche, jusqu'à 20 années lumière environ.",3.4
94,94,"Il n'existe plus aujourd'hui en tant qu'entité politique indépendante, mais seulement comme chefferie traditionnelle en relation avec les autorités administratives tchadiennes modernes.",4.0
95,95,Une médaille d'argent est une récompense attribuée aux sportifs qui obtiennent la deuxième place dans certaines grandes compétitions.,1.8
96,96,"Dès la fin de l'exposition, le comité d'organisation décide d'acquérir une partie des œuvres afin de réunir les collections du futur musée de l'école de Nancy, qui n'ouvrira finalement que 70 ans plus tard.",2.2
97,97,"Par contre, ce test n'élimine pas la possibilité d'une perte auditive légère par exemple, qui pourrait tout de même avoir un impact sur le développement du langage de l'enfant.",2.4
98,98,"Malgré son côté sérieux, elle a une brève liaison avec un Américain, Bruce, alors qu'elle est officiellement en couple avec Alistair.",3.6666666666666665
99,99,"La scène a également été reconstruite, ce qui a contribué à l’augmentation de la capacité d’accueil et a permis un accès plus rapide pour les équipes de scène.",3.0
100,100,"La phase d'infection est bien évidemment toujours la première, mais l'enchaînement de ces phases n'est pas toujours linéaire, et dépend de la conception du botnet.",2.8
101,101,Bamford est une biologiste britannique du début du XXe siècle qui a publié de nombreux articles sur les cnidaires et qui est à l'origine de la découverte de nombreuses nouvelles espèces.,5.333333333333333
102,102,"La Société d’éclairage électrique de Bordeaux, qui avait la plus grosse concession d’éclairage et devint le principal client du barrage, a tiré les conséquences de cette nouvelle opportunité.",2.4
103,103,"La cinémathèque de Grenoble organise, dans sa petite salle de projection, tous les jeudis et vendredis, des « petites formes », pour prolonger au cours de l'année la mise en lumière du court métrage.",2.8
104,104,"Cet ordinateur, baptisé « PowerBop », ne sera construit qu'à quelques centaines d'exemplaires et ne rencontrera aucun succès commercial et sera abandonné rapidement fin 1994.",3.0
105,105,"L’air refroidi, et débarrassé d’une partie de son humidité, traverse alors la seconde partie du système qui le réchauffe jusqu’à atteindre une température généralement un peu plus élevée qu'à l’entrée.",3.6
106,106,"Les ingénieurs de Fairchild semiconductor, basés à Mountain View (Californie), ne voyaient les cadres de la Direction, à Syosset (New York), qu'une fois par an, et s'estimaient insuffisamment gratifiés.",4.2
107,107,Ferdinand von Wright (né le 19 mars 1822 à Kuopion maalaiskunta et mort le 31 juillet 1906 à Kuopion maalaiskunta) est un peintre naturaliste finlandais suédophone.,2.6
108,108,"Au moment de sa précipitation, la calcite (ou l'aragonite) formant les spéléothèmes ne contient en principe pas de thorium.",3.8
109,109,Le portrait d'Adeline Ravoux est une peinture de l'artiste-peintre postimpressionniste hollandais Vincent Van Gogh réalisée en 1890.,3.4
110,110,"Ils se rattachent lors de cette année anniversaire, à une série d’événements d’ordre culturel autour du béton, dont le plus emblématique est le lancement de la campagne de restauration de la Tour Perret.",4.6
111,111,L'eau dans laquelle on a fait bouillir des rafles de maïs contient des épaississants et peut être ajoutée à du potage ou transformée en gelée de maïs sucrée traditionnelle.,2.4
112,112,"La richesse de la région provenait probablement de matériaux précieux extraits des montagnes voisines, en particulier du lapis lazuli de Badakshan, qui étaient largement commercialisés.",3.0
113,113,Le white sponge nævus ou white sponge nevus (WSN) est une pathologie rare des muqueuses de la bouche (parfois atteinte plus rare encore des sites vaginaux et rectaux) transmissible de façon autosomique dominante.,4.8
114,114,"Le SSSE3 ajoute 16 nouveaux opcodes qui incluent la permutation des octets dans un mot, la multiplication des nombres à virgule fixe 16 bits avec un arrondissement correct et des instructions d'accumulation dans un mot.",4.2
115,115,"Cette situation dite de Hill (théorie de la Lune), de Mathieu (balancelle) ou de Bloch (électron dans un métal) est fréquemment utilisée en optique, comme convertisseur de fréquences.",4.4
116,116,"Les sièges sont tous de couleur bleu clair avec un petit nombre de sièges de couleur blanche placés dans la tribune Est pour former le mot ""Alep"" en arabe et en anglais.",3.2
117,117,"Le passeport portugais (en portugais : passaporte português) est un document de voyage international délivré aux ressortissants portugais, et qui peut aussi servir de preuve de la citoyenneté portugaise.",2.0
118,118,Il consiste en une salle de prière entièrement sous un dôme à laquelle on accède par un long couloir sombre en chicane menant à un grand portail.,4.6
119,119,"Le journalisme d'affaires, bien que courant dans la plupart des pays industrialisés, joue un rôle très limité dans les pays du tiers-monde et en développement.",3.0
120,120,Le boîtier rectangulaire (en plastique ou en céramique) est doté de broches de connexion sur ses 4 côtés (jusqu'à 200 broches).,3.4
121,121,"Les murailles de la ville ont été construits par les Aldobrandeschi au début du XIIIe siècle, époque à laquelle la forteresse aldobrandesque a également été construite.",3.2
122,122,"Par « corps de métier » ou « corps d'état », voire « corps du bâtiment », on désigne l'activité professionnelle dans le secteur du bâtiment.",3.4
123,123,"TX-0, pour Transistorized Experimental computer zero, surnommé affectueusement « Tixo », est le premier ordinateur terminal informatique à transistors.",3.6
124,124,"Lors des troubles de 2008 en Bolivie, une manifestation de paysans favorables au président Evo Morales est prise dans une embuscade tendue par des hommes armés à proximité de Cobija.",2.25
125,125,Le syndicalisme d'entreprise est une manière d'organiser les travailleurs syndiqués d'un champ professionnel et géographique.,2.6
126,126,"Le terme blueprint désigne, en anglais, une reproduction d'un plan détaillé, ce que l'on appelle en dessin technique un dessin de définition.",3.0
127,127,"Son évolution temporelle (par rapport à une base 2010) a la forme d'une courbe irrégulière en fortes ""dents de scie"", qui en moyenne décroit régulièrement de 1950 à 2015.",3.8
128,128,"Dans ses fameux quatrains, il s'indigne que Dieu semble par ses textes religieux donner à l'homme des ordres tout en implantant en lui des désirs qui sont autant d'ordres contraires.",3.4
129,129,Dunkerque 2013 ou Dunkerque Capitale régionale de la culture 2013 est le nom de l'ensemble des festivités culturelles qui se déroulent à Dunkerque et dans son agglomération au cours de l'année 2013.,3.6
130,130,"Les procédures de synchronisation étant fondées sur la vitesse de la lumière, invariante par changement de référentiel inertiel, elles ne dépendent pas du référentiel choisi.",4.8
131,131,Le powiat d'Olesno (en polonais powiat oleski) est un powiat appartenant à la Voïvodie d'Opole dans le sud-ouest de la Pologne.,4.6
132,132,"Sa femme, Dame Zhurong, était elle aussi une guerrière émérite dont l'arme de prédilection était une sorte de boomerang à lames.",3.2
133,133,"Ils se sont rencontrés chez Denise René, et Fruhtrunk s'inspire des sculptures monumentales de Di Teana pour créer sa création picturale de constructivisme, et il en fait un univers pictural rythmique et coloré.",4.6
134,134,Conrad Felixmüller poursuit d'abord des études de musique (1911) avant d'étudier à l'Académie des Beaux-Arts de Dresde à l'automne 1912.,2.333333333333333
135,135,Un filtre coupe-bande aussi appelé filtre réjecteur de bande ou filtre cloche est  un filtre empêchant le passage d'une partie des fréquences.,3.0
136,136,Seule l'utilisation de lumière laser résonante permet de cumuler l'effet d'un cycle de fluorescence (absorption/émission spontanée) et d'utiliser efficacement ce phénomène pour agir sur un atome.,4.4
137,137,"Utrinski Vesnik (en macédonien Утрински Весник, ce qui signifie « journal du matin ») est un quotidien de la Macédoine du Nord.",2.4
138,138,Lorsque l'agence spatiale européenne prend le relais de l'ESRO en 1975 elle hérite d'un satellite encore en activité (HEOS-1) et de plusieurs programmes en cours de développement.,3.0
139,139,Une question ouverte est une interrogation qui n'induit pas de réponses préétablies et qui laisse donc à son interlocuteur la possibilité de s'exprimer avec ses propres mots.,3.4
140,140,Ce type de sonde présente pour avantage de ne pas être sensible aux grands angles d'incidence (2 % jusqu'à 40° d'incidence environ).,3.2
141,141,"Dans l'argot DJ, un break est un passage où tous les éléments musicaux (voix, basses, etc.), à l'exception des percussions, disparaissent.",1.0
142,142,"Le salarié suspendu n'accède plus à son lieu et moyens de travail, n'effectue plus les tâches prévues, et ne perçoit plus de salaire.",2.6
143,143,"Ce texte resta en vigueur huit ans, jusqu'à ce que lui soit substitué la Constitution de 1845, de tendance modérée et conservatrice, sous l'impulsion du général Narváez.",2.8
144,144,"La Quadratura dei Pisani a été construite vers 1377, même si certains historiens la font remonter à la construction des murailles du château de Livourne (1392).",2.8
145,145,"Takamatsu a utilisé la photographie, la sculpture, la peinture, le dessin et la performance pour créer des recherches fondamentales sur les origines philosophiques et matérielles de l'art.",3.0
146,146,L'Union internationale du cinéma (abrégé en UNICA) est une association représentée à l'UNESCO et dont le but est la promotion du cinéma et de ses auteurs à travers le monde.,2.333333333333333
147,147,Il vise à la mise en place de systèmes de certification et des projets visant à la lutte contre la pauvreté dans les pays producteurs de bois tropicaux.,2.8
148,148,"Autour des années de la Première Guerre mondiale, la maison se fait remarquer dans la presse par ses créations très colorées ; elle est également considérée comme un des maitres du style Gréco-romain de la mode depuis quelques années.",3.6
149,149,"En 2011, Google annonce le rachat de Zagat qui l'intègre à Google + Local à partir d'avril 2012, le rendant ainsi disponible gratuitement.",2.8
150,150,Il doit sa place aux textes qu’il a illustrés qui sont des écrits importants mais peu diffusés et ignorés par les autres miniaturistes.,2.6
151,151,Ils se sont progressivement transformés en créateurs de tendances pour les grands noms de la distribution internationale.,3.6
152,152,La Cour nationale de la tarification sanitaire et sociale est présidée par le président de la section sociale du Conseil d'État.,2.0
153,153,"Au Pérou, le district de Yauri est l’un des huit districts de la province d'Espinar située dans le département de Cusco.",2.0
154,154,"Ce défilé est franco-belge ; de nos jours, il commence en Belgique et se termine sur la place de Comines en France.",3.0
155,155,"Pour faire face à cette nouvelle situation, les HSB postent des sauveteurs équipés de doris à avirons dans les endroits critiques.",2.0
156,156,"On a d'abord une maison à colombages, remplacée vers 1200 par un bâtiment en pierre auquel on adjoint une haute façade au milieu du XIVe siècle.",4.2
157,157,"Après cinq années les routes de Stanley et de Léopold II se séparent de manière officielle, cependant Stanley demeure secrètement à la solde du roi.",2.8
158,158,"Le Grenoble olympique universitaire est un club omnisports français basé à Grenoble, disparu dans les années 1950.",1.8
159,159,"En France, Pierre de Coubertin fut sans doute le premier et le plus important des théoriciens du sport.",1.6
160,160,"Une autre collection, donnée en 1845, comprend plus de 200 tableaux de peintres locaux et hollandais des XVIIIe et XIXe siècles.",3.5
161,161,"La décoloration violette du sac d'urine est souvent la seule constatation, fréquemment notée par les soignants.",3.2
162,162,Les épreuves de trampoline des Jeux mondiaux de 2017 ont lieu du 24 juillet au 26 juillet 2017 à Wrocław.,2.8
163,163,"Liste des districts de la municipalité de Florianópolis, capitale de l'État de Santa Catarina, au Brésil.",3.0
164,164,"Le Massey Ferguson 148 est un tracteur agricole produit de 1972 à 1976 par le constructeur américain de matériels agricoles, Massey Ferguson.",4.333333333333333
165,165,À la platine est fixée une pièce en « S » appelée serpentin ou serpentine sur laquelle on fixe la mèche allumée.,1.8
166,166,"Ce n'est pas un sky lobby, car les résidents peuvent également prendre des ascenseurs vers des étages supérieurs au 44e étage.",2.4
167,167,L'avance d'argent est un montant payé par une partie à une autre avant tout commencement d'exécution d'une convention écrite ou verbale.,4.0
168,168,"Plus précisément, les philosophies bouddhistes ne perdent jamais de vue les préoccupations sotériologiques.",4.333333333333333
169,169,"Une grande partie de la voie antique est toujours praticable et accessible, le plus souvent recouverte d'asphalte.",1.8
170,170,"En conséquence directe, la propriété est transmise de génération en génération, et dans l'ensemble, reste en grande partie non divisée.",2.8
171,171,"Cependant, avec son successeur Ranieri di Toscana (it), la propriété du château fut confirmée aux moines, qui le conservèrent jusqu'au XVe siècle.",3.25
172,172,"Une troupe supplémentaire de Frisons a dû être impliquée, envoyée par Jean Ier, pour pouvoir libérer le vogt de la cité.",4.2
173,173,"À partir d’un certain niveau, plus d’énergie n’implique pas forcément une meilleure qualité de vie.",3.0
174,174,C'est l'un des résidus de pesticides retrouvés le plus souvent comme contaminant de l'eau destinée à la consommation humaine.,2.5
175,175,"Son nom est une appropriation de celui du groupe antinazi La Rose Blanche, auquel il n'a aucun rapport.",4.2
176,176,La prise en charge est effectuée par des personnels travailleurs sociaux issus de l'éducation spécialisée.,3.2
177,177,"Dans une moindre mesure, cette fonction s'observe également sous la Ve lors des périodes de cohabitation.",1.3333333333333333
178,178,"Trois prix sont proposés : prix de la meilleure nouvelle, prix du meilleur livre,  prix de la meilleure poésie.",1.4
179,179,Le vrai Nord est un terme de navigation se référant à la direction du pôle Nord géographique par rapport à la position du navigateur.,3.2
180,180,"Elle remet aussi quelques prix : la Médaille Massey, la Médaille d'Or, la Médaille Camsell et le Prix canadien de l'innovation environnementale.",2.333333333333333
181,181,"Elle marche également sur les ailes d'avions en vol en sautant en parachute ou se balance en dessous, ses genoux tenant une échelle de corde.",4.25
182,182,"Devant un risque évident ou potentiel, la perception de ce risque est-elle la même pour tous les individus ?",2.0
183,183,"Un recourbe-cils est un objet permettant de courber les cils d'un œil, qu'ils soient naturels ou faux.",2.0
184,184,"Bien documenté, se référant à une documentation précise et complète, Govdex est d'utilisation simple.",3.0
185,185,"En plus du stade principal, il y a également un stade annexe doté d’une aire d’athlétisme de six couloirs.",2.6
186,186,"Des statues du Bouddha en bronze, des plaques de terre cuite, des perles de verre et d'autres petits objets ont aussi été trouvés sur le site.",2.4
187,187,"C’est à lui de prévenir et de régler les situations de crise, et ainsi maintenir le bon ordre du groupe.",1.75
188,188,"La sculpture est installée depuis 1964 dans le jardin du Carrousel aux Tuileries, dans le 1er arrondissement de Paris.",2.4
189,189,Certains proverbes concernant des dates données peuvent s'expliquer par les conditions macro-climatiques en la période donnée.,5.0
190,190,"Le terme « chad » est souvent utilisé pour désigner une personne pour laquelle on a de l’estime, que l’on respecte, voire que l’on apprécie.",2.75
191,191,Le hasard périlleux et les confrontations violentes sont également des éléments standards d'une intrigue de thriller.,2.6666666666666665
192,192,"Le père Noël est doublé par Thierry Wermuth (Stan Marsh, Randy Marsh, Gerald Broflovski, Terrance...) dans cet épisode.",3.8
193,193,"Elle a été maire de Windhoek de novembre 2012 à décembre 2014, puis députée à l'assemblée nationale de 2015 à 2020.",2.6
194,194,"Les beakheads se trouvent dans l'architecture romane, principalement en Angleterre, Irlande, Espagne et, en France, en Anjou et Normandie.",2.1666666666666665
195,195,La liste des pays est communiquée par l'entreprise et contient plusieurs territoires non souverains.,1.8
196,196,"Il récompense l'œuvre d'un photographe qui, par sa création artistique, a contribué à enrichir le patrimoine culturel espagnol.",2.8
197,197,L’Ordre des psychologues du Québec est un ordre professionnel qui regroupe les psychologues du Québec.,2.2
198,198,"Depuis 2004, il est estimé approximativement un nombre de 30 à 50 fermetures annuelles par Ludovic Rambaud, un temps rédacteur en chef de DJ Mag.",4.0
199,199,"1520 Sedgwick Avenue est un immeuble d'habitation à loyer modéré situé à Morris Heights, quartier populaire de l'arrondissement du Bronx, à New York.",3.25
200,200,"Son but était de fournir de l'eau afin d'abreuver ou de permettre d'effectuer les rituels d'ablutions, le wudu, à plusieurs personnes simultanément.",1.6
201,201,L’objectivation nous éclaire sur le processus de reconstruction du passé en fonction de l’état actuel des choses.,3.8
202,202,Il récompense un ou plusieurs jeunes photographes qui ont été actifs dans l'année par leurs expositions et publications.,1.6
203,203,Incident : la tranche 1 a été arrêtée durant une année à la suite d'un incendie en 1975 qui l'a fortement endommagée.,2.0
204,204,"Au moment de sa sortie, le GH4 était le premier appareil hybride du monde capable de filmer en 4K (4K/UHD et 4K/DCI).",1.8
205,205,Le nom pulaar (avec un -aa- long) n'est pas à confondre avec l’appellation pular (avec un -a- court) utilisée par les locuteurs du Fouta-Djalon.,3.0
206,206,"Pour les vélos, la pédale de gauche est filetée dans le sens anti-horaire pour éviter qu'elle ne se dévisse pendant l'utilisation.",2.4
207,207,"Ils commencent à s'intituler comtes de Horn et d'Altena, bien qu'ils ne fussent alors comte ni dans l'une ni dans l'autre de ces terres.",3.4
208,208,"La condamnation d'une étude scientifique par le Congrès était, à cette époque, un événement sans précédent.",2.4
209,209,"Noritsu Koki (Japon) (plus de 50 % des actions tenues par la famille Nishimoto, créateur du Minilab).",4.0
210,210,"Ces rôles sont les comportements attendus d’un individu (ou parfois d'une organisation), dans l’exercice d’une fonction qui renvoie au statut social.",3.2
211,211,Le Sony Alpha 380 (typographié α 380) est un reflex d'entrée de gamme commercialisé à partir du premier trimestre 2009 par Sony.,3.4
212,212,Les Soldiers of Odin (SOO) est une organisation de patrouille de rue opposée à l'immigration formée en octobre 2015 à Kemi en Finlande par Mika Ranta.,3.8
213,213,"Pour que la masse des bobines ne s'oppose pas aux saccades, il faut laisser entre elles et la fenêtre une boucle d'amortissement.",3.4
214,214,"Le Stade municipal de Bouna est un stade de football qui se situe dans la ville de Bouna, au nord-est de la Côte d'Ivoire.",2.2
215,215,"Elle peut impliquer des organismes (comités, commissions, délégations), des réunions, des instructions ou des corps interministériels.",1.6666666666666667
216,216,Persée triomphant est une sculpture en marbre réalisée par l'artiste néo-classique italien Antonio Canova entre 1797 et 1801.,1.5
217,217,"Pour le pacage, il ne faut pas confondre avec la vaine pâture qui s'effectue sur des terres appropriées.",3.2
218,218,Terry et son comité postulent cependant que l'usage de la cigarette contenant de la nicotine ne créait pas de dépendance.,3.4
219,219,"Elle permet de stocker des informations de nature auditive (sons, paroles…) pendant une période de temps brève (trois à quatre secondes).",1.8
220,220,"Son avis de décès dans le New York Herald, indique qu'il avait 31 ans, ce qui induit que son année de naissance entre 1835 et 1840 environ.",3.6
221,221,Madeleine Laval (née le 9 juin 1912 - morte le 2 juin 2002) est une germaniste et une traductrice française.,2.8
222,222,Ils doivent alors justifier de cette plus grande richesse aux yeux de la société dans laquelle ils vivent.,3.4
223,223,"La mairie ouvre aussi une grande médiathèque dans le quartier de Grammont, ancien quartier des abattoirs.",1.6
224,224,Les patriciens étaient généralement membres des conseils municipaux et s'appropriaient les fonctions civiques les plus importantes.,1.4
225,225,Zubr signifie bison en référence au dernier peuplement de bison d'Europe qui ne survivent plus que dans une forêt entre la Pologne et la Biélorussie.,2.6
226,226,"Cette méthode a été utilisée pour vérifier la sûreté des centrales nucléaires, qui repose sur une conception déterministe (Défense en profondeur).",1.8
227,227,La société est cotée à Copenhague (elle est incluse dans l'indice OMX Copenhagen) et au NASDAQ de New York.,2.4
228,228,Rome ne devint la capitale définitive du royaume qu'en 1871 après la conquête du Latium et que le pape ne se soit réfugié au sein du Vatican.,2.8
229,229,"L’absence d’éléments décoratifs du fond accentue la « présence » forte du personnage, rien ne venant distraire le regard.",2.833333333333333
230,230,"Il existe également des embauchoirs simples, en plastique ou en métal embouti, avec ou sans ressort.",2.25
231,231,Le service est décrit par le Evening Standard comme l'une des rares « licornes » technologiques du Royaume-Uni.,2.5
232,232,"Cette coiffure était en vogue au Moyen Âge chez les femmes de la noblesse européenne, et constituait alors un critère de beauté.",2.0
233,233,"Les pratiques sociales, rituels et événements festifs relèvent (pour partie) du patrimoine culturel immatériel de l'humanité.",4.0
234,234,"Ce personnage, que Balzac appelait une « colonne vertébrale » de La Comédie humaine, apparaît pour la première fois dans ce roman.",2.4
235,235,"La sonde Phoenix, qui a quitté la Terre le 4 août 2007, a emporté à son bord un message audio de Carl Sagan destiné aux futurs colons de la planète Mars.",2.6
236,236,"Melville, qui fut lui aussi marin, et notamment baleinier de 1840 à 1842, comme la plupart des héros de ses romans, s'est inspiré de faits réels.",4.4
237,237,"Le qualificatif de Pacifique est donné à cet océan par le navigateur portugais Fernand de Magellan en 1520, en raison des eaux calmes qu'il y rencontre.",3.0
238,238,Neo prend la décision d'aller les affronter pour sauver Morpheus mais au mépris de sa vie après une longue course-poursuite.,2.6
239,239,Un tunnelier est une machine permettant d'excaver des tunnels dans des sols et des roches variées allant du sable au granite.,1.6
240,240,"Le parapente est un aéronef dérivé du parachute, permettant la pratique du vol libre ou du paramoteur.",2.2
241,241,"Intégrant à la fois des aspects historiques et fictifs, le film est basé sur le récit du naufrage du RMS Titanic et met en vedette Leonardo DiCaprio et Kate Winslet.",3.2
242,242,"L’existence des langues sémitiques remonte à plus de quatre millénaires, avec l’akkadien et l’ougaritique.",1.8
243,243,Une lettre reçue de sa mère change la donne : elle lui écrit que le mariage de sa sœur est prévu bientôt avec un certain Loujine.,3.2
244,244,Le roi doit consentir à quitter Versailles (qu'il ne reverra jamais) et est escorté par la foule à Paris.,1.4
245,245,"Les manga ont fortement influencé la culture japonaise dans le domaine de l'animation, de la musique et du jeu vidéo.",1.8
246,246,La somme de tous ces développements conduisit au « réseau des réseaux » (network of networks) que nous connaissons aujourd’hui en tant qu'Internet.,3.8
247,247,Ce principe met en évidence le caractère fondamentalement probabiliste de la mécanique quantique.,1.4
248,248,"Divers auteurs ont souhaité définir la portée de la cuisine méditerranéenne soit par la géographie, soit par ses ingrédients de base.",2.5
249,249,"Il n'y a plus qu'un enseignement unique comprenant la médecine, la chirurgie et les accouchements.",2.6
250,250,Il est le plus grand fleuve du monde en termes de débit d'eau et l'un des plus grands en termes de longueur.,2.2
251,1,"Cette page présente la filmographie complète de Mel Gibson. Elle liste ses crédits en tant qu'acteur, réalisateur, producteur et scénariste.",1.8
252,2,"Le quadrangle de Nemesis Tesserae, aussi appelé quadrangle des tessères de Némésis, est identifié par le code USGS V-13. C'est une région cartographique en quadrangle sur Vénus.",3.2
253,3,La chapelle a été détruite pendant la Seconde Guerre mondiale par l'armée française quand elle a fait exploser les carrefours pour ralentir l'avancée des Allemands.,2.0
254,4,"Wilhelm Abeken a écrit un ouvrage de référence : L'Italie centrale avant la domination romaine, d'après ses monuments.",2.0
255,5,Sa parution devient bimestrielle à partir de décembre 2009 pour le marché civil de l’hélicoptère.,1.6
256,6,"Certains chapitres solennels donnent lieu à des messes, processions et proclamations.",1.8
257,7,Le Pentax A3 est un appareil photo du type reflex argentique. Il est équipé d'un objectif interchangeable (baïonnette KA). Il a été fabriqué par Pentax entre 1984 et 1985.,2.0
258,8,Lippold estimait que l'art de son époque doit faire honneur à la conquête de l'espace et cette œuvre symbolise cette conquête.,2.0
259,9,"Souvent, les entreprises privées sont détenues par les fondateurs, leurs familles ou un petit groupe d'investisseurs.",2.2
260,10,Le tâtonnement walrasien est une idée créée par l'économiste Léon Walras pour trouver l'équilibre en ajustant l'offre et la demande.,1.8
261,11,"En juin 1897, le dirigeable Deutschland prend feu lors d'un vol à Berlin. Il s'écrase, tuant le pionnier de l'aviation et son copilote.",1.5
262,12,Il aide à définir l'efficacité de ce réacteur et est un facteur important pour l'étude du temps de séjour.,2.0
263,13,"Le Centre national du graphisme, appelé Le Signe, est un centre d’art. Il se consacre au développement et au rayonnement du design graphique.",2.8
264,14,"Le yaghnobi, parlé par une petite population (les Yaghnobis), intéresse particulièrement les linguistes car c'est le seul parler moderne descendant du sogdien médiéval.",2.4
265,15,"On utilise les termes d'hérédité mendélienne, monogénique ou monofactorielle pour caractériser la transmission des maladies. Ces maladies sont dues à une mutation dans un seul gène.",3.75
266,16,La plaine d'Audra est située sur Vénus dans le quadrangle de Meskhent Tessera.,1.4
267,17,"Avant sa mort, il a continué à donner des conseils sur les efforts de restauration et de conservation relatifs à la chapelle. Cela inclut la salle de Constantin.",2.8
268,18,"Cette échelle peut évaluer divers problèmes chez les enfants et les adolescents, comme les problèmes cognitifs, d'opposition, d'hyperactivité, d'anxiété et sociaux.",1.6
269,19,"En chimie, un macrocycle est une molécule organique avec une grande structure cyclique contenant au moins 15 atomes.",1.4
270,20,"Dans la biographie de Philip Marchand en 1989, Neil Postman rappelle le pouvoir heuristique des hypothèses de McLuhan.",3.0
271,21,C'est un diagramme en 2D avec l'axe x pour la position d'un point dans la liste ordonnée et l'axe y pour la reachability-distance de ce point.,3.6
272,22,Le Conseil d'administration est composé de 9 à 15 personnes en activité dans un établissement ayant vocation à adhérer. Elles sont élues par l'assemblée générale.,2.25
273,23,Le mot est d'origine obscure. Jean-Henri Hassenfratz l'associe au mot « macération ». Il groupe un grand nombre de procédés développés indépendamment.,1.0
274,24,L'EDA exprime les priorités de l'industrie laitière au niveau de l'UE et tente d'influencer les stratégies européennes.,2.4
275,25,Cette valeur locative est ensuite réduite de 50 % pour la TFPB et de 20 % pour la TFNB afin d'obtenir le revenu cadastral pour l’imposition.,2.4
276,26,"Ces deux hommes, Mondrian promoteur de l’art abstrait et Eekman violemment contre, resteront liés par une amitié indéfectible tout au long de leur vie.",2.4
277,27,Elle était issue de la haute société athénienne. Elle se déguisa en homme pour suivre les cours de médecine d'Hérophile.,1.2
278,28,"L'anuscopie est un examen médical du proctologique, incluant aussi le toucher rectal et la rectoscopie.",2.8
279,29,"Elle encourage ses membres, appelés Chevaliers, à œuvrer pour la défense de la Cité. Sa devise est : Honneur et Courtoisie.",1.6
280,30,"En mai 2016, ce nombre a été porté à un billion d'espèces estimées sur Terre avec seulement un millième de pour cent décrit.",2.0
281,31,L'exemple montre que certaines couleurs s'affaiblissent entre leur représentation en rouge-vert-bleu à l'écran et leur production quadrichromique.,2.4
282,32,"De nos jours, la plaine de la Messara est communément appelée le « verger de la Crète ». De nombreuses exploitations agricoles profitent de son sol fertile.",1.0
283,33,"L'institut a été fondé le 17 mars 1872 par décision du Reichstag. C'est le deuxième institut archéologique étranger d'Athènes, après l'école française d’Athènes établie en 1846.",2.0
284,34,"Le traceur choisi doit préserver les propriétés physiques du milieu (même densité, même viscosité, et même conditions hydrodynamiques).",1.8
285,35,"L'art est devenu autonome en 1677, mais ce nouveau statut avait une taxe plus élevée que lorsqu'ils étaient unis aux marzeri.",2.6
286,36,La culture du tabac se répand et réussit surtout dans la partie méridionale du département du Haut-Rhin. Cela se produit malgré sa diffusion freinée par la guerre de Trente Ans.,1.8
287,37,"L’alutiiq, aussi appelé yupik du Golfe Pacifique ou sugpiaq, est une langue yupik. Elle fait partie des langues eskimo-aléoutes. Elle est parlée traditionnellement par les Alutiiq.",3.4
288,38,"La Patinoire olympique de Gjøvik est une salle de sport située à Gjøvik, en Norvège. Elle a été construite à l'occasion des Jeux olympiques d'hiver de 1994.",1.4
289,39,"Un monument ou site historique est déclaré comme « monument culturel national ». En slovaque, c'est appelé národná kultúrna pamiatka, abrégé en NKP.",2.0
290,40,"Dans le nord, la côte du golfe est accidentée par les versants rocheux des monts Lattari qui tombent dans la mer.",1.6
291,41,"Le semis direct sans labour est aujourd’hui largement utilisé pour le maïs et le soja aux États-Unis. Il est aussi utilisé au Brésil, en Argentine, au Canada, en Australie.",2.4
292,42,"Cette sculpture monumentale en béton a été créée en 1966. C'est un monument à la mémoire des victimes du camp d'extermination de Jasenovac, en Croatie.",1.0
293,43,"De petits villages soucieux de l'environnement, tels que Findhorn Community en Écosse, ont utilisé certaines des premières usines d'épuration vivantes pour traiter les eaux usées domestiques.",3.0
294,44,"En effet, le nombre de postes à pourvoir dans le secteur a augmenté rapidement. De plus, de plus en plus de femmes sont entrées dans la vie active.",2.6
295,45,C'est la première grande académie d'art où Antonio Fabrés a enseigné et le premier musée d'art des Amériques.,2.5
296,46,"Howard Mackie a été associé à la croissance de Calgary, devenue un centre d'affaires international.",1.6
297,47,Ce logiciel permet à l’utilisateur de se déplacer autour du globe en changeant la position et l’angle de vue.,2.0
298,48,Cette discipline est une synthèse des domaines des sciences naturelles avec les techniques de chantier.,2.2
299,49,Le rez-de-chaussée est alloué à des fins militaires et le public a seulement accès au sous-sol où un débit de boisson sert de l'alcool.,2.0
300,50,"Le record est de 17135 et a été établi le 31 janvier 2015, lors du match entre Antwerp Giants et Spirou Basket.",1.6
301,51,"Selon Sue Farran, James Gallen et Christa Rautenbach, le droit autrichien inspire principalement le nouveau code civil tchèque.",2.2
302,52,"Elle aurait fonctionné du Ier au VIe siècle, date à laquelle elle a été détruite lors d'une attaque par des tribus locales.",1.8
303,53,"Jonas Åkerlund, connu pour être l'auteur de vidéo-clips musicaux, d'annonces publicitaires et du long métrage Spun, a réalisé le film.",2.0
304,54,"Pour réaliser l’entretien en face à face dans les meilleures conditions, certaines exigences doivent être respectées.",2.0
305,55,"Il a écrit l'une des premières symphonies lettristes : la Symphonie en K, « première polyphonie ciselante », datée de 1947.",1.8
306,56,Une grande fête est organisée pour le Nouvel An avec des feux d'artifice et des concerts sur la place adjacente.,1.4
307,57,"Découverte en 1892 par Carl Anton Larsen, elle a été nommée en l'honneur d'Oscar II, roi de Suède et de Norvège.",2.6
308,58,"En 1962, Hart et Levin ont écrit le premier compilateur auto-hébergé (si l'on exclut les assembleurs) pour le Lisp au Massachusetts Institute of Technology (MIT).",2.6
309,59,"La liste suivante exclut les plus petits objets comme les ressorts, les fragments, les parachutes ou les boucliers thermiques.",1.4
310,60,"En fiabilité, le schéma fonctionnel montre les systèmes compliqués, avec plusieurs façons de tomber en panne.",1.4
311,61,"Puisque l'utilisateur a besoin d'information, il était nécessaire de compléter la requête par des informations supplémentaires de l'utilisateur.",2.4
312,62,"Les Jeux du Val-de-Marne, compétition omnisports créée en 1967 par le Conseil général, se déroulent chaque année dans le département du Val-de-Marne.",2.4
313,63,"Le peba est une langue amérindienne de la famille peba-yaguane. Elle est parlée en Amazonie péruvienne, dans la région de Loreto.",2.8
314,64,Un capteur plan est un appareil permettant d'obtenir instantanément une image radiologique numérique lors d'une radiographie.,2.2
315,65,L’isométrataxie est la difficulté à garder une force musculaire stable pendant une activité manuelle comme tenir quelque chose.,1.75
316,66,L'artiste dadaïste Max Ernst a peint des courbes de Lissajous en suspendant un pot de peinture percé au-dessus du canevas.,2.2
317,67,"Les processus biologiques exacts restent inconnus même 50 ans après sa découverte, mais de nombreuses études présentent des théories sur les mécanismes du lupus médicamenteux.",2.0
318,68,"Certaines configurations de l'environnement, comme une falaise au-dessus de la mer, peuvent provoquer des situations dangereuses, comme se trouver en hauteur au-dessus de la mer.",2.333333333333333
319,69,"Néanmoins, son travail n'a pas évoqué l'effet de la fréquence de commutation sur les valeurs des éléments de filtrage.",2.4
320,70,Un moteur de workflow est un dispositif logiciel permettant d'exécuter des instances de workflow.,2.8
321,71,Un exemple typique est la représentation de cartes à jouer ordinaires : la suite ('couleur') et la hauteur (nombre ou figure) peuvent être représentées par des énumérations.,2.4
322,72,"Dans le champ de l'écologie, le terme « basophile » désigne des organismes se développant exclusivement dans un environnement contenant des substances alcalines.",3.6
323,73,Il existe des logiciels d’envoi de courrier électronique et de gestion de la relation client B2C.,1.4
324,74,"Le congrès des États-Unis vote le Semiconductor Chip Protection Act, une loi protégeant juridiquement les schémas électroniques.",2.0
325,75,Le Parfait Pêcheur à la ligne cherche avant tout à guider l'individu.,1.6
326,76,Certains biologistes suggèrent de contrôler l'évolution en laboratoire pour créer de nouvelles formes de vie.,1.6
327,77,"Une commercialisation efficace implique l’apprentissage de compétences, techniques et modes d’obtention de l’information.",2.4
328,78,"Straight-through processing est un principe de traitement des opérations au fil de l'eau, sans rupture ou délai.",1.4
329,79,"Le premier séjour se déroule aux États-Unis (1935-1936). En tant que Rockefeller Fellow, il enseigne à Harvard, Northwestern, Chicago et Berkeley.",2.0
330,80,"Carlo Cattaneo (1911-1979) est un mathématicien et physicien italien. Il est connu pour ses travaux en physique statistique, en mécanique des milieux continus et en relativité générale.",1.0
331,81,"Il agit en bloquant les récepteurs de cette dernière, diminuant ainsi la LH et arrêtant l'ovulation jusqu'à ce qu'elle soit souhaitée.",1.8
332,82,"Avec ""Voxeurop services"", le journal élargit ses activités en offrant des services personnalisés et une traduction dans toutes les langues européennes.",1.8
333,83,"Elle représente un obélisque renversé avec le sommet reposant sur un piédestal pyramidal et le pied, pointé vers le haut, brisé.",2.6666666666666665
334,84,"Elle a remplacé la chambre des comptes de la Cour suprême, que le gouvernement a dissoute en 1998, et dont proviennent également la Cour de cassation et le Conseil d'État.",2.8
335,85,"L’Employment Act de 1990 a aboli strictement le closed shop. Ce système était jugé contraire à la liberté de ne pas se syndiquer, garantie par la Charte sociale européenne.",1.2
336,86,"Le compartiment réacteur mesure 38 pieds de long, 42 pieds de profondeur, 37 de large et pèse 2 250 tonnes.",1.25
337,87,"De petits boutons sur le visage sont appelés chaleurs de soie, car ils viennent d'un sang échauffé : c'est l'éruption miliaire chez les bébés.",2.6
338,88,La dénomination est souvent employée en lieu et place de independent press(es) ou indie press(es).,2.4
339,89,"La CBM est identifiée en déterminant la concentration la plus faible d'agent antibactérien réduisant la viabilité de l'inoculum bactérien initial à un niveau supérieur ou égal à 99,9%.",2.333333333333333
340,90,"Le district de Riaba est un district de Guinée équatoriale, constitué par la partie orientale de la province de Bioko-Sur, sur l'île de Bioko.",3.0
341,91,"L'ethnolinguistique, selon ce premier paradigme, vise à décrire et définir des typologies. Ces typologies permettent de classer et de comparer les différentes langues.",1.4
342,92,"Cette page montre la filmographie complète de Sylvester Stallone, au cinéma et à la télévision, comme acteur, réalisateur, producteur et scénariste.",1.4
343,93,"Purement imaginaires, elles restent indispensables pour l'étude de notre « banlieue galactique » la plus proche, jusqu'à 20 années lumière environ.",2.4
344,94,Il était une entité politique indépendante. Aujourd'hui c'est une chefferie traditionnelle en relation avec les autorités administratives tchadiennes modernes.,2.0
345,95,Une médaille d'argent récompense les sportifs à la deuxième place dans certaines grandes compétitions.,1.0
346,96,"Dès la fin de l'exposition, le comité d'organisation décide d'acquérir une partie des œuvres afin de réunir les collections du futur musée de l'école de Nancy, qui ouvrira 70 ans plus tard.",2.2
347,97,"Par contre, ce test peut manquer une perte auditive légère, qui pourrait avoir un impact sur le développement du langage de l'enfant.",2.4
348,98,"Même si elle est sérieuse, elle a une courte relation avec un Américain, Bruce, alors qu'elle est officiellement en couple avec Alistair.",3.0
349,99,La reconstruction de la scène a contribué à l’augmentation de la capacité d’accueil et a permis un accès plus rapide pour les équipes de scène.,1.6
350,100,"La phase d'infection est bien évidemment toujours la première, et l'enchaînement de ces phases peut varier en fonction de la conception du botnet.",2.2
351,101,"Bamford est une biologiste britannique du début du XXe siècle, auteure de nombreux articles sur les cnidaires et découvreuse de nombreuses nouvelles espèces.",4.333333333333333
352,102,"La Société d’éclairage électrique de Bordeaux, avec la plus grosse concession d’éclairage et principal client du barrage, a tiré parti de cette opportunité.",1.4
353,103,La cinémathèque de Grenoble organise tous les jeudis et vendredis des « petites formes » pour mettre en lumière le court métrage.,1.6
354,104,"Cet ordinateur, baptisé « PowerBop », sera construit à quelques centaines d'exemplaires seulement, sans rencontrer de succès commercial et sera abandonné rapidement fin 1994.",2.0
355,105,L’air refroidi et débarrassé d’une partie de son humidité traverse la seconde partie du système qui le réchauffe à une température un peu plus élevée qu'à l’entrée.,2.4
356,106,"Les ingénieurs de Fairchild Semiconductor, basés à Mountain View (Californie), voyaient les cadres de la Direction, à Syosset (New York), seulement une fois par an et se sentaient insuffisamment gratifiés.",3.4
357,107,Ferdinand von Wright est un peintre naturaliste finlandais suédophone.,1.6
358,108,"Au moment de sa précipitation, la calcite (ou l'aragonite) formant les spéléothèmes est dépourvue de thorium.",2.4
359,109,Le portrait d'Adeline Ravoux est une peinture de Vincent Van Gogh réalisée en 1890.,1.0
360,110,"Ils se rattachent lors de cette année anniversaire à une série d’événements d’ordre culturel autour du béton, notamment le lancement de la campagne de restauration de la Tour Perret.",3.8
361,111,L'eau bouillie avec des rafles de maïs contient des épaississants et peut être ajoutée à du potage ou transformée en gelée de maïs sucrée traditionnelle.raditionnelle.,1.8
362,112,"La richesse de la région venait probablement de matériaux précieux extraits des montagnes voisines, notamment du lapis lazuli de Badakshan.",2.2
363,113,"Le white sponge nævus est une pathologie rare des muqueuses de la bouche, transmissible de façon autosomique dominante.",2.4
364,114,"Le SSSE3 ajoute 16 nouveaux opcodes, incluant la permutation des octets dans un mot, la multiplication des nombres à virgule fixe 16 bits avec un arrondissement correct et des instructions d'accumulation.",3.8
365,115,"Cette situation dite de Hill, de Mathieu ou de Bloch est fréquemment utilisée en optique comme convertisseur de fréquences.",2.4
366,116,"Les sièges sont bleu clair avec quelques sièges blancs dans la tribune Est formant le mot ""Alep"" en arabe et en anglais.",2.0
367,117,"Le passeport portugais est un document de voyage international délivré aux ressortissants portugais, et qui peut aussi servir de preuve de la citoyenneté portugaise.",1.6
368,118,"C'est une salle de prière sous un dôme, accessible par un couloir sombre menant à un grand portail.",1.4
369,119,Le journalisme d'affaires joue un rôle très limité dans les pays du tiers-monde et en développement.,2.0
370,120,Le boîtier rectangulaire en plastique ou céramique a des broches de connexion sur ses 4 côtés.,1.6
371,121,"Au début du XIIIe siècle, les Aldobrandeschi ont construit les murailles de la ville et la forteresse aldobrandesque.",2.2
372,122,Le terme corps de métier désigne l'activité professionnelle dans le secteur du bâtiment.,2.6
373,123,"TX-0, ou Transistorized Experimental computer zero, est le premier ordinateur terminal informatique à transistors.",1.8
374,124,"Lors des troubles de 2008 en Bolivie, une manifestation de paysans favorables à Evo Morales est prise dans une embuscade à proximité de Cobija.",2.0
375,125,Le syndicalisme d'entreprise organise les travailleurs syndiqués d'un champ professionnel et géographique.,1.2
376,126,"Le terme blueprint désigne, en anglais, une reproduction d'un plan détaillé, appelé en dessin technique un dessin de définition.",2.4
377,127,"Son évolution temporelle a la forme d'une courbe irrégulière en fortes ""dents de scie"", qui en moyenne décroit régulièrement de 1950 à 2015.",2.6
378,128,"Dans ses quatrains, il s'indigne que Dieu semble donner à l'homme des ordres tout en implantant en lui des désirs contraires.",2.4
379,129,Dunkerque 2013 ou Dunkerque Capitale régionale de la culture 2013 est le nom des festivités culturelles qui se déroulent à Dunkerque et dans son agglomération en 2013.,3.2
380,130,"Les procédures de synchronisation étant fondées sur la vitesse de la lumière, invariante par changement de référentiel inertiel, sont indépendante du référentiel choisi.",4.8
381,131,Le powiat d'Olesno est un powiat de la Voïvodie d'Opole dans le sud-ouest de la Pologne.,2.8
382,132,"Sa femme, Dame Zhurong, était elle aussi une guerrière émérite avec une arme de prédilection, une sorte de boomerang à lames.",2.8
383,133,Ils se sont rencontrés chez Denise René. Fruhtrunk s'inspire des sculptures monumentales de Di Teana pour créer sa création picturale de constructivisme. Il en fait un univers pictural rythmique et coloré.,2.6
384,134,Conrad Felixmüller étudie la musique en 1911 avant d'étudier à l'Académie des Beaux-Arts de Dresde en 1912.,1.0
385,135,Un filtre coupe-bande ou filtre réjecteur de bande empêche le passage d'une partie des fréquences.,1.6
386,136,L'utilisation de lumière laser résonante permet de cumuler l'effet d'un cycle de fluorescence et de l'utiliser efficacement pour agir sur un atome.,2.6
387,137,Utrinski Vesnik est un quotidien de la Macédoine du Nord.,1.0
388,138,"Quand l'agence spatiale européenne remplace l'ESRO en 1975, elle hérite d'un satellite actif (HEOS-1) et de plusieurs programmes en développement.",2.2
389,139,Une question ouverte est une interrogation qui permet des réponses non préétablies et qui laisse donc à son interlocuteur la possibilité de s'exprimer avec ses propres mots.,3.0
390,140,Ce type de sonde présente pour avantage d'être insensible aux grands angles d'incidence (2 % jusqu'à 40° d'incidence environ).,2.4
391,141,"Dans l'argot DJ, un break est un passage où tous les éléments musicaux, sauf les percussions, disparaissent.",1.2
392,142,"Le salarié suspendu est privé de l'accès à son lieu et moyens de travail, cesse d'effectuer les tâches prévues, et arrête de percevoir un salaire.",2.4
393,143,"Ce texte resta en vigueur huit ans et fut remplacé par la Constitution de 1845, de tendance modérée et conservatrice, sous l'impulsion du général Narváez.",2.0
394,144,"On a construit la Quadratura dei Pisani vers 1377, même si certains historiens la font remonter à la construction des murailles du château de Livourne (1392).",3.4
395,145,"Takamatsu a utilisé la photographie, la sculpture, la peinture, le dessin et la performance. Il a créé des recherches fondamentales sur les origines philosophiques et matérielles de l'art.",2.333333333333333
396,146,L'Union internationale du cinéma (abrégé en UNICA) est une association représentée à l'UNESCO visant à promouvoir le cinéma et ses auteurs à travers le monde.,2.0
397,147,Il vise à mettre en place des systèmes de certification et des projets contre la pauvreté dans les pays producteurs de bois tropicaux.,1.6
398,148,"Autour de la Première Guerre mondiale, la maison se fait remarquer par ses créations colorées et est considérée comme un maître du style Gréco-romain.",2.6
399,149,"En 2011, Google annonce le rachat de Zagat et l'intègre à Google + Local en avril 2012, le rendant disponible gratuitement.",2.0
400,150,"Il doit sa place aux textes importants qu’il a illustrés, peu diffusés et ignorés par les autres miniaturistes.",2.6
401,151,Ils sont progressivement devenus des créateurs de tendances pour les grands noms de la distribution internationale.,2.4
402,152,Le président de la section sociale du Conseil d'État préside la Cour nationale de la tarification sanitaire et sociale.,1.2
403,153,"Au Pérou, le district de Yauri est l’un des huit districts de la province d'Espinar, dans le département de Cusco.",2.2
404,154,Ce défilé commence en Belgique et se termine à Comines en France.,1.6
405,155,Les HSB postent des sauveteurs équipés de doris à avirons dans les endroits critiques.,1.4
406,156,Les maisons à colombages sont remplacées par des bâtiments en pierre avec une haute façade au XIVe siècle.,1.6
407,157,"Après cinq ans, Stanley et Léopold II se séparent officiellement, mais Stanley reste secrètement au service du roi.",2.6
408,158,Le Grenoble olympique universitaire était un club omnisports français basé à Grenoble.,1.2
409,159,"En France, Pierre de Coubertin fut sans doute le premier et le plus important théoricien du sport.",1.4
410,160,Une autre collection comprend plus de 200 tableaux de peintres locaux et hollandais des XVIIIe et XIXe siècles.,3.0
411,161,La décoloration violette du sac d'urine est souvent la seule constatation notée.,2.2
412,162,Les compétitions de trampoline des Jeux mondiaux de 2017 se déroulent du 24 juillet au 26 juillet 2017 à Wrocław.,2.0
413,163,"Liste des quartiers de la ville de Florianópolis, capitale de l'État de Santa Catarina, au Brésil.",2.2
414,164,"Le Massey Ferguson 148 est un tracteur agricole fabriqué de 1972 à 1976 par la société américaine de machines agricoles, Massey Ferguson.",3.333333333333333
415,165,Sur la platine est fixée une pièce en « S » appelée serpentin ou serpentine où l'on attache la mèche allumée.,1.6
416,166,"Ce n'est pas un sky lobby, car les résidents peuvent aussi prendre des ascenseurs pour aller au-delà du 44e étage.",1.8
417,167,L'avance d'argent est une somme payée par une partie à une autre avant le début d'une entente écrite ou verbale.,3.0
418,168,"Plus précisément, les philosophies bouddhistes gardent toujours à l'esprit les préoccupations sotériologiques.",2.75
419,169,"Une grande partie de l'ancienne route est toujours praticable et accessible, souvent recouverte d'asphalte.",2.2
420,170,La propriété est donc transmise de génération en génération et reste en grande partie non divisée.,1.6
421,171,"Mais, avec son successeur Ranieri di Toscana, la propriété du château resta aux moines, qui le gardèrent jusqu'au 15e siècle.",2.0
422,172,Jean Ier a envoyé une troupe supplémentaire de Frisons pour libérer le vogt de la cité.,1.6
423,173,Plus d’énergie n’implique pas forcément une meilleure qualité de vie.,1.6
424,174,C'est un des pesticides les plus souvent trouvés dans l'eau potable.,1.25
425,175,"Son nom est une appropriation de celui du groupe antinazi La Rose Blanche, sans rapport avec ce groupe.",2.6
426,176,Les personnels travailleurs sociaux issus de l'éducation spécialisée effectuent la prise en charge.,2.4
427,177,Cette fonction s'observe également sous la Ve lors des périodes de cohabitation.,1.1666666666666667
428,178,"Trois prix sont proposés. Il s'agit du prix de la meilleure nouvelle, du prix du meilleur livre et du prix de la meilleure poésie.",2.6
429,179,Le vrai Nord désigne la direction du pôle Nord géographique par rapport au navigateur.,1.2
430,180,"Elle remet aussi quelques prix. Il s'agit de la Médaille Massey, la Médaille d'Or, la Médaille Camsell et le Prix canadien de l'innovation environnementale.",2.1666666666666665
431,181,Elle marche également sur les ailes d'avions en vol ou se balance en dessous.,2.25
432,182,La perception d'un risque évident ou potentiel est-elle la même pour tous ?,1.3333333333333333
433,183,Un recourbe-cils permet de courber les cils naturels ou faux.,1.2
434,184,"Avec une documentation précise et complète, Govdex est d'utilisation simple.",1.4
435,185,Il y a également un stade annexe avec une aire d’athlétisme de six couloirs.,1.0
436,186,"On a aussi trouvé des statues du Bouddha en bronze, des plaques de terre cuite, des perles de verre et d'autres petits objets sur le site.",1.8
437,187,C’est à lui de prévenir et de régler les crises pour maintenir l'ordre du groupe.,2.0
438,188,La sculpture est installée depuis 1964 dans le jardin du Carrousel aux Tuileries.,1.6
439,189,Les conditions macro-climatiques de la période expliquent certains proverbes concernant des dates données.,2.8
440,190,"Le terme « chad » est souvent utilisé pour désigner une personne estimée, respectée et appréciée.",1.5
441,191,Le hasard et les confrontations violentes sont des éléments standards d'une intrigue de thriller.,2.0
442,192,Le père Noël est doublé par Thierry Wermuth dans cet épisode.,1.0
443,193,"Elle a dirigé Windhoek de novembre 2012 à décembre 2014, puis siégé à l'assemblée nationale de 2015 à 2020.",2.6
444,194,"Les beakheads se trouvent dans l'architecture romane. Ils sont principalement en Angleterre, Irlande, Espagne, France, Anjou et Normandie.",1.3333333333333333
445,195,"L'entreprise communique la liste des pays, contenant plusieurs territoires non souverains.",1.6
446,196,Il récompense l'œuvre d'un photographe qui a enrichi le patrimoine culturel espagnol.,1.4
447,197,L’Ordre des psychologues du Québec est un ordre professionnel.,1.6
448,198,"Ludovic Rambaud, ancien rédacteur en chef de DJ Mag, estime depuis 2004 qu'il y a environ 30 à 50 fermetures annuelles.",1.6
449,199,"1520 Sedgwick Avenue est un immeuble à loyer modéré à Morris Heights, dans le Bronx, à New York.",1.5
450,200,"Son but était de donner de l'eau pour boire ou pour permettre de faire les rituels de purification, le wudu, à plusieurs personnes en même temps.",1.4
451,201,L’objectivation montre comment le passé est recréé selon la situation actuelle.,2.2
452,202,Il récompense un ou plusieurs jeunes photographes actifs dans l'année par leurs expositions et publications.,2.4
453,203,Incident : On a arrêté la tranche 1 pendant un an à cause d'un incendie en 1975 qui l'a fortement endommagée.,1.2
454,204,Le GH4 était le premier appareil hybride capable de filmer en 4K.,1.4
455,205,Le nom pulaar se distingue de l’appellation pular utilisée par les locuteurs du Fouta-Djalon.,2.6
456,206,"Pour les vélos, la pédale de gauche est filetée dans le sens anti-horaire pour qu'elle reste en place pendant l'utilisation.",1.8
457,207,"Ils commencent à s'intituler comtes de Horn et d'Altena, même sans être comtes de ces terres.",2.0
458,208,"Le Congrès a condamné une étude scientifique, cela était un événement sans précédent à cette époque.",1.4
459,209,"La famille Nishimoto, créateur du Minilab, détient plus de 50 % des actions de Noritsu Koki.",1.8
460,210,"Ces rôles sont les comportements attendus d’un individu ou organisation, dans l’exercice d’une fonction qui renvoie au statut social.",2.8
461,211,Sony a commercialisé le reflex d'entrée de gamme Le Sony Alpha 380 (typographié α 380) à partir du premier trimestre 2009.,2.4
462,212,"Mika Ranta a formé les Soldiers of Odin (SOO), une organisation de patrouille de rue opposée à l'immigration, en octobre 2015 à Kemi en Finlande.",2.6
463,213,"Pour que la masse des bobines suive les mouvements, il faut laisser entre elles et la fenêtre une boucle d'amortissement.",1.4
464,214,Le Stade municipal de Bouna est un stade de football au nord-est de la Côte d'Ivoire.,1.4
465,215,"Elle peut impliquer des organismes, des réunions, des instructions ou des corps interministériels.",1.3333333333333333
466,216,L'artiste néo-classique italien Antonio Canova a réalisé la sculpture en marbre Persée triomphant entre 1797 et 1801.,2.5
467,217,"Pour le pacage, il faut distinguer de la vaine pâture qui se fait sur des terres appropriées.",2.4
468,218,Terry et son comité postulent cependant que l'usage de la cigarette contenant de la nicotine est sans dépendance.,2.8
469,219,Elle permet de stocker des informations de nature auditive pendant une période de temps brève.,1.4
470,220,"Son avis de décès dans le New York Herald, indique qu'il avait 31 ans.",2.4
471,221,Madeleine Laval est une germaniste et une traductrice française.,2.6
472,222,Ils doivent alors justifier de cette plus grande richesse aux yeux de la société.,2.4
473,223,La mairie ouvre une grande médiathèque dans le quartier de Grammont.,1.0
474,224,Les patriciens étaient souvent membres des conseils de ville et prenaient les rôles publics les plus importants.,1.8
475,225,Zubr signifie bison en référence au dernier peuplement de bison d'Europe qui survivent uniquement dans une forêt entre la Pologne et la Biélorussie.,2.4
476,226,"On a utilisé cette méthode pour vérifier la sûreté des centrales nucléaires, qui repose sur une conception déterministe (Défense en profondeur).",2.4
477,227,La société est cotée à Copenhague et au NASDAQ de New York.,1.4
478,228,Rome devint la capitale définitive du royaume en 1871 après la conquête du Latium et le refuge du pape au Vatican.,1.6
479,229,"L’absence d’éléments décoratifs accentue la « présence » forte du personnage, concentrant entièrement le regard sur lui.",1.6666666666666667
480,230,Il existe également des embauchoirs simples en plastique ou en métal embouti.,1.75
481,231,Le Evening Standard décrit le service comme l'une des rares « licornes » technologiques du Royaume-Uni.,2.5
482,232,Cette coiffure était en vogue au Moyen Âge chez les femmes de la noblesse européenne.,1.2
483,233,"Les pratiques sociales, rituels et événements festifs relèvent du patrimoine culturel immatériel de l'humanité.",3.2
484,234,Ce personnage de La Comédie humaine apparaît pour la première fois dans ce roman.,2.0
485,235,La sonde Phoenix a quitté la Terre le 4 août 2007 avec un message audio de Carl Sagan pour les futurs colons de la planète Mars.,1.8
486,236,"Melville, un marin et baleinier de 1840 à 1842, s'inspire de faits réels dans ses romans.",2.0
487,237,Le navigateur portugais Fernand de Magellan a nommé cet océan 'Pacifique' en 1520 pour ses eaux calmes.,1.1666666666666667
488,238,"Neo décide d'affronter les ennemis pour sauver Morpheus, risquant sa vie.",1.4
489,239,"Un tunnelier est une machine qui creuse des tunnels dans différents types de sols, du sable au granite.",2.0
490,240,"Le parapente, dérivé du parachute, permet le vol libre ou le paramoteur.",1.4
491,241,"Mélangeant histoire et fiction, le film raconte le naufrage du Titanic et met en avant Leonardo DiCaprio et Kate Winslet.",1.8
492,242,"Les langues sémitiques existent depuis plus de quatre millénaires, avec l’akkadien et l’ougaritique.",2.0
493,243,"Une lettre de sa mère révèle que sa sœur va bientôt épouser un certain Loujine, changeant ses plans.",2.0
494,244,Le roi consent à quitter Versailles et est escorté à Paris.,1.2
495,245,"Les mangas ont influencé la culture japonaise dans l'animation, la musique et les jeux vidéo.",1.8
496,246,"Tous ces développements ont abouti à l'Internet, également connu sous le nom de « réseau des réseaux.",2.0
497,247,Ce principe montre que la mécanique quantique est fondamentalement probabiliste.,1.4
498,248,Divers auteurs ont défini la cuisine méditerranéenne par sa géographie ou ses ingrédients de base.,2.0
499,249,"L'enseignement est désormais unifié, incluant médecine, chirurgie et accouchements.",2.0
500,250,C'est le plus grand fleuve du monde en débit d'eau et l'un des plus longs.,2.0
