index,title,random_sentence,simplified,url,categories,method
2,Comines (Nord),"Ce défilé est franco-belge ; de nos jours, il commence en Belgique et se termine sur la place de Comines en France.",Ce défilé commence en Belgique et se termine à Comines en France.,fr.wikipedia.org/wiki/Comines_(Nord),"Aire d'attraction de Lille (partie française), Armorial des communes du Nord, Article avec module Population de France, Article avec modèle Blason-ville-fr, Article avec modèle Infobox Commune de France, Article avec une section vide ou incomplète, Article géolocalisé en France, Article géolocalisé sur Terre, Article utilisant une Infobox, Catégorie Commons avec lien local différent sur Wikidata, Catégorie Commons avec lien local identique sur Wikidata, Comines (Nord), Commune dans le département du Nord, Commune de la métropole européenne de Lille, Flandre romane, Page avec coordonnées similaires sur Wikidata, Page avec des cartes, Page utilisant une frise chronologique, Portail:Communes de France/Articles liés, Portail:Europe/Articles liés, Portail:Flandres/Articles liés, Portail:France/Articles liés, Portail:Hauts-de-France/Articles liés, Portail:Lille Métropole/Articles liés, Portail:Nord-Pas-de-Calais/Articles liés, Unité urbaine de Lille (partie française), Village franco-belge, Ville divisée, Ville décorée de la croix de guerre 1914-1918",Omission des mots redondants
5,Hospitaliers-Sauveteurs bretons,"Pour faire face à cette nouvelle situation, les HSB postent des sauveteurs équipés de doris à avirons dans les endroits critiques.",Les HSB postent des sauveteurs équipés de doris à avirons dans les endroits critiques.,fr.wikipedia.org/wiki/Hospitaliers-Sauveteurs_bretons,"Article utilisant l'infobox Organisation, Article utilisant une Infobox, Article à illustrer Organisation, Association ou organisme lié à la mer en Bretagne, Organisme fondé en 1873, Page géolocalisable sans coordonnées paramétrées, Page utilisant P1366, Page utilisant P17, Page utilisant P31, Page utilisant P571, Page utilisant P576, Portail:Associations/Articles liés, Portail:Maritime/Articles liés, Portail:Premiers secours et secourisme/Articles liés, Portail:Société/Articles liés, Portail:Sécurité civile et sapeurs-pompiers/Articles liés, Premiers secours, Service de secours en France, Sécurité maritime en France",Suppression des clauses complexes
7,Hôtel de ville de Münster,"On a d'abord une maison à colombages, remplacée vers 1200 par un bâtiment en pierre auquel on adjoint une haute façade au milieu du XIVe siècle.",Les maisons à colombages sont remplacées par des bâtiments en pierre avec une haute façade au XIVe siècle.,fr.wikipedia.org/wiki/H%C3%B4tel_de_ville_de_M%C3%BCnster,"Article de Wikipédia avec notice d'autorité, Article de qualité en allemand, Article géolocalisé en Allemagne, Article utilisant l'infobox Monument, Article utilisant le modèle Dictionnaires inactif, Article utilisant une Infobox, Hôtel de ville en Allemagne, Münster, Page avec des cartes, Page géolocalisée par Wikidata, Page utilisant P1435, Page utilisant P18, Page utilisant P2048, Page utilisant P31, Page utilisant P571, Page utilisant P669, Page utilisant un modèle Bases inactif, Page utilisant une adresse fournie par Wikidata, Portail:Allemagne/Articles liés, Portail:Architecture et urbanisme/Articles liés, Portail:Europe/Articles liés, Portail:Rhénanie-du-Nord-Westphalie/Articles liés, Wikipédia:ébauche architecture, Wikipédia:ébauche histoire",Suppression des clauses complexes
10,Henry Morton Stanley,"Après cinq années les routes de Stanley et de Léopold II se séparent de manière officielle, cependant Stanley demeure secrètement à la solde du roi.","Après cinq ans, Stanley et Léopold II se séparent officiellement, mais Stanley reste secrètement au service du roi.",fr.wikipedia.org/wiki/Henry_Morton_Stanley,"Article de Wikipédia avec notice d'autorité, Article utilisant l'infobox Biographie2, Article utilisant l'infobox Biographie2 avec la charte exploration, Article utilisant une Infobox, Aventurier britannique, Bon article en allemand, Bon article en norvégien, Catégorie Commons avec lien local identique sur Wikidata, Chevalier grand-croix de l'ordre du Bain, Docteur honoris causa de l'université de Durham, Décès en mai 1904, Décès à 63 ans, Décès à Londres, Député du 26e Parlement du Royaume-Uni, Député du Parti conservateur (Royaume-Uni), Explorateur britannique du XIXe siècle, Explorateur de l'Afrique, Journaliste britannique du XIXe siècle, Léopold II (roi des Belges), Naissance dans le Denbighshire, Naissance en janvier 1841, Page pointant vers des bases externes, Page pointant vers des bases relatives aux beaux-arts, Page pointant vers des bases relatives à la musique, Page pointant vers des bases relatives à la recherche, Page pointant vers des bases relatives à la vie publique, Page pointant vers des dictionnaires ou encyclopédies généralistes, Page utilisant P102, Page utilisant P106, Page utilisant P109, Page utilisant P119, Page utilisant P1296, Page utilisant P1415, Page utilisant P1417, Page utilisant P1442, Page utilisant P1477, Page utilisant P166, Page utilisant P1816, Page utilisant P19, Page utilisant P1953, Page utilisant P20, Page utilisant P2015, Page utilisant P2268, Page utilisant P26, Page utilisant P27, Page utilisant P2732, Page utilisant P3219, Page utilisant P3222, Page utilisant P3544, Page utilisant P39, Page utilisant P40, Page utilisant P434, Page utilisant P4342, Page utilisant P4823, Page utilisant P485, Page utilisant P5019, Page utilisant P569, Page utilisant P570, Page utilisant P6058, Page utilisant P607, Page utilisant P6404, Page utilisant P6872, Page utilisant P701, Page utilisant P7666, Page utilisant P7685, Page utilisant P7902, Page utilisant P7982, Page utilisant P8313, Page utilisant des données de Wikidata à traduire de l'anglais, Personnalité ayant donné son nom à une ville, Personnalité de l'Union Navy, Personnalité de l'État indépendant du Congo, Portail:Afrique/Articles liés, Portail:Amérique/Articles liés, Portail:Amérique du Nord/Articles liés, Portail:Années 1860/Articles liés, Portail:Biographie/Articles liés/Culture et arts, Portail:Biographie/Articles liés/Entreprises, Portail:Biographie/Articles liés/Politique, Portail:Exploration/Articles liés, Portail:Guerre de Sécession/Articles liés, Portail:Histoire/Articles liés, Portail:Histoire militaire/Articles liés, Portail:Journalisme/Articles liés, Portail:Médias/Articles liés, Portail:Société/Articles liés, Portail:XIXe siècle/Articles liés, Portail:Époque contemporaine/Articles liés, Portail:États-Unis/Articles liés, Représentant de l'Angleterre à la Chambre des communes, Récipiendaire de la médaille Vega, Wikipédia:Article biographique",Substitution de mots complexes
12,Grenoble olympique universitaire,"Le Grenoble olympique universitaire est un club omnisports français basé à Grenoble, disparu dans les années 1950.",Le Grenoble olympique universitaire était un club omnisports français basé à Grenoble.,fr.wikipedia.org/wiki/Grenoble_olympique_universitaire,"Article utilisant une Infobox, Club omnisports en France, Club sportif disparu au XXe siècle, Club sportif fondé en 1919, Club sportif à Grenoble, Portail:Auvergne-Rhône-Alpes/Articles liés, Portail:Europe/Articles liés, Portail:France/Articles liés, Portail:Grenoble/Articles liés, Portail:Grenoble Métropole/Articles liés, Portail:Isère/Articles liés, Portail:Sport/Articles liés, Wikipédia:ébauche Isère, Wikipédia:ébauche sport",Suppression des clauses complexes
14,Philosophie du sport,"En France, Pierre de Coubertin fut sans doute le premier et le plus important des théoriciens du sport.","En France, Pierre de Coubertin fut sans doute le premier et le plus important théoricien du sport.",fr.wikipedia.org/wiki/Philosophie_du_sport,"Article pouvant contenir un travail inédit, Article utilisant le modèle Dictionnaires inactif, Article à internationaliser, Article à référence nécessaire, Article à wikifier/Liste complète, Article à wikifier depuis mai 2023, Branche de la philosophie, Culture du sport, Page pointant vers des bases externes, Page pointant vers des bases relatives à la recherche, Page utilisant P3123, Page utilisant le modèle Autorité inactif, Portail:Philosophie/Articles liés, Portail:Sciences humaines et sociales/Articles liés, Portail:Société/Articles liés, Portail:Sport/Articles liés",Omission des mots redondants
17,Musée historique de Francfort,"Une autre collection, donnée en 1845, comprend plus de 200 tableaux de peintres locaux et hollandais des XVIIIe et XIXe siècles.",Une autre collection comprend plus de 200 tableaux de peintres locaux et hollandais des XVIIIe et XIXe siècles.,fr.wikipedia.org/wiki/Mus%C3%A9e_historique_de_Francfort,"Article contenant un appel à traduction en allemand, Article géolocalisé en Allemagne, Article utilisant l'infobox Musée, Article utilisant une Infobox, Bâtiment à Francfort-sur-le-Main, Catégorie Commons avec lien local identique sur Wikidata, Musée d'une ville, Musée fondé en 1878, Musée à Francfort-sur-le-Main, Page avec coordonnées similaires sur Wikidata, Page avec des cartes, Page avec des données de géolocalisation non prises en charge, Page utilisant P154, Page utilisant P31, Portail:Allemagne/Articles liés, Portail:Culture/Articles liés, Portail:Europe/Articles liés, Portail:Francfort-sur-le-Main/Articles liés, Portail:Hesse/Articles liés, Portail:Histoire/Articles liés, Portail:Musées/Articles liés, Portail:Tourisme/Articles liés",Suppression des clauses complexes
20,Syndrome des urines violettes,"La décoloration violette du sac d'urine est souvent la seule constatation, fréquemment notée par les soignants.",La décoloration violette du sac d'urine est souvent la seule constatation notée.,fr.wikipedia.org/wiki/Syndrome_des_urines_violettes,"Article orphelin/Liste complète, Article utilisant une Infobox, Image locale sans image sur Wikidata, Maladie en urologie, Page utilisant P828, Portail:Biologie/Articles liés, Portail:Médecine/Articles liés, Portail:Sciences/Articles liés, Projet:Médecine/Infobox Maladie dont l'image est à vérifier, Syndrome, Urine, Wikipédia:Tentative d'adoption en janvier 2023",Suppression des clauses complexes
21,Trampoline aux Jeux mondiaux de 2017,Les épreuves de trampoline des Jeux mondiaux de 2017 ont lieu du 24 juillet au 26 juillet 2017 à Wrocław.,Les compétitions de trampoline des Jeux mondiaux de 2017 se déroulent du 24 juillet au 26 juillet 2017 à Wrocław.,fr.wikipedia.org/wiki/Trampoline_aux_Jeux_mondiaux_de_2017,"Article contenant un appel à traduction en anglais, Article contenant un appel à traduction en néerlandais, Article utilisant une Infobox, Jeux mondiaux de 2017, Portail:Années 2010/Articles liés, Portail:Europe/Articles liés, Portail:Pologne/Articles liés, Portail:XXIe siècle/Articles liés, Portail:Époque contemporaine/Articles liés, Trampoline aux Jeux mondiaux, Wikipédia:ébauche Pologne, Wikipédia:ébauche sport",Substitution de mots complexes
23,Liste des districts de Florianópolis,"Liste des districts de la municipalité de Florianópolis, capitale de l'État de Santa Catarina, au Brésil.","Liste des quartiers de la ville de Florianópolis, capitale de l'État de Santa Catarina, au Brésil.",fr.wikipedia.org/wiki/Liste_des_districts_de_Florian%C3%B3polis,"District à Florianópolis, Liste en rapport avec le Brésil, Portail:Amérique/Articles liés, Portail:Amérique du Sud/Articles liés, Portail:Brésil/Articles liés, Portail:Florianópolis/Articles liés, Portail:Géographie/Articles liés, Portail:Lusophonie/Articles liés, Portail:Santa Catarina/Articles liés, Wikipédia:ébauche géographie",Substitution de mots complexes
27,Massey Ferguson 148,"Le Massey Ferguson 148 est un tracteur agricole produit de 1972 à 1976 par le constructeur américain de matériels agricoles, Massey Ferguson.","Le Massey Ferguson 148 est un tracteur agricole fabriqué de 1972 à 1976 par la société américaine de machines agricoles, Massey Ferguson.",fr.wikipedia.org/wiki/Massey_Ferguson_148,"Article avec une section vide ou incomplète, Portail:Agriculture et agronomie/Articles liés, Portail:Biologie/Articles liés, Projet:Biologie/Pages liées, Tracteur agricole Massey Ferguson, Wikipédia:ébauche agriculture de mots complexes",Substitution de mots complexes
28,Platine à mèche,À la platine est fixée une pièce en « S » appelée serpentin ou serpentine sur laquelle on fixe la mèche allumée.,Sur la platine est fixée une pièce en « S » appelée serpentin ou serpentine où l'on attache la mèche allumée.,fr.wikipedia.org/wiki/Platine_%C3%A0_m%C3%A8che,"Arme à feu, Portail:Armes/Articles liés, Portail:Histoire militaire/Articles liés, Portail:Technologies/Articles liés, Wikipédia:ébauche arme, Wikipédia:ébauche histoire, Équipement militaire de l'époque moderne",Substitution de mots complexes
30,Sky lobby,"Ce n'est pas un sky lobby, car les résidents peuvent également prendre des ascenseurs vers des étages supérieurs au 44e étage.","Ce n'est pas un sky lobby, car les résidents peuvent aussi prendre des ascenseurs pour aller au-delà du 44e étage.",fr.wikipedia.org/wiki/Sky_lobby,"Article contenant un lien mort, Article manquant de références/Liste complète, Article manquant de références depuis juin 2023, Ascenseur, Portail:Architecture et urbanisme/Articles liés, Salle, Wikipédia:ébauche architecture",Substitution de mots complexes
33,Avance d'argent,L'avance d'argent est un montant payé par une partie à une autre avant tout commencement d'exécution d'une convention écrite ou verbale.,L'avance d'argent est une somme payée par une partie à une autre avant le début d'une entente écrite ou verbale.,fr.wikipedia.org/wiki/Avance_d%27argent,"Article manquant de références/Liste complète, Article manquant de références depuis juin 2016, Contrat, Document commercial, Portail:Commerce/Articles liés, Portail:Droit/Articles liés, Portail:Finance/Articles liés, Portail:Société/Articles liés, Portail:Économie/Articles liés, Wikipédia:ébauche droit, Wikipédia:ébauche finance",Substitution de mots complexes
42,Philosophie,"Plus précisément, les philosophies bouddhistes ne perdent jamais de vue les préoccupations sotériologiques.","Plus précisément, les philosophies bouddhistes gardent toujours à l'esprit les préoccupations sotériologiques.",fr.wikipedia.org/wiki/Philosophie,"Article avec section à recycler, Article avec une section vide ou incomplète, Article contenant un appel à traduction en anglais, Article contenant un lien mort, Article de Wikipédia avec notice d'autorité, Article de qualité en allemand, Article de qualité en anglais, Article de qualité en croate, Article de qualité en islandais, Article de qualité en ouzbek, Article de qualité en sanskrit, Article de qualité en volapük, Article utilisant l'infobox Discipline, Article utilisant une Infobox, Article à référence nécessaire, Bon article en yoruba, Catégorie Commons avec lien local identique sur Wikidata, Page pointant vers des bases externes, Page pointant vers des bases relatives à la recherche, Page pointant vers des bases relatives à la santé, Page pointant vers des dictionnaires ou encyclopédies généralistes, Page utilisant P1417, Page utilisant P18, Page utilisant P2184, Page utilisant P2578, Page utilisant P279, Page utilisant P3095, Page utilisant P3123, Page utilisant P3219, Page utilisant P3222, Page utilisant P3365, Page utilisant P4223, Page utilisant P4342, Page utilisant P486, Page utilisant P527, Page utilisant P6058, Page utilisant P8313, Page utilisant une frise chronologique, Philosophie, Portail:Philosophie/Articles liés, Portail:Philosophie analytique/Articles liés, Portail:Sciences humaines et sociales/Articles liés, Portail:Société/Articles liés, Éponyme d'un objet céleste",Propositions positives au lieu de négatives
43,Voie romaine Bavay-Velzeke,"Une grande partie de la voie antique est toujours praticable et accessible, le plus souvent recouverte d'asphalte.","Une grande partie de l'ancienne route est toujours praticable et accessible, souvent recouverte d'asphalte.",fr.wikipedia.org/wiki/Voie_romaine_Bavay-Velzeke,"Article utilisant une Infobox, Portail:Archéologie/Articles liés, Portail:Belgique/Articles liés, Portail:Europe/Articles liés, Portail:Géographie/Articles liés, Portail:Histoire/Articles liés, Portail:Italie/Articles liés, Portail:Monde antique/Articles liés, Portail:Rome antique/Articles liés, Portail:Route/Articles liés, Portail:Sciences/Articles liés, Portail:Sciences humaines et sociales/Articles liés, Portail:Transports/Articles liés, Portail:Wallonie/Articles liés, Voie romaine en Belgique, Voie romaine en France, Wikipédia:ébauche Belgique, Wikipédia:ébauche Rome antique, Wikipédia:ébauche géographie, Zottegem",Substitution de mots complexes
48,Matrilocalité,"En conséquence directe, la propriété est transmise de génération en génération, et dans l'ensemble, reste en grande partie non divisée.",La propriété est donc transmise de génération en génération et reste en grande partie non divisée.,fr.wikipedia.org/wiki/Matrilocalit%C3%A9,"Anthropologie sociale et culturelle, Article avec source à lier, Article à référence nécessaire, Mariage, Matriarcat, Portail:Anthropologie/Articles liés, Portail:Femmes/Articles liés, Portail:Sciences humaines et sociales/Articles liés, Portail:Société/Articles liés, Sociologie de la famille",Omission des mots redondants
51,Château de Badia,"Cependant, avec son successeur Ranieri di Toscana (it), la propriété du château fut confirmée aux moines, qui le conservèrent jusqu'au XVe siècle.","Mais, avec son successeur Ranieri di Toscana, la propriété du château resta aux moines, qui le gardèrent jusqu'au 15e siècle.",fr.wikipedia.org/wiki/Ch%C3%A2teau_de_Badia,"Architecture militaire de la province de Sienne, Article contenant un appel à traduction en italien, Article de Wikipédia avec notice d'autorité, Article géolocalisé en Italie, Article utilisant le modèle Dictionnaires inactif, Article utilisant une Infobox, Catégorie Commons avec lien local différent sur Wikidata, Château de la province de Sienne, Page avec coordonnées similaires sur Wikidata, Page avec des cartes, Page utilisant un modèle Bases inactif, Poggibonsi, Portail:Architecture et urbanisme/Articles liés, Portail:Châteaux/Articles liés, Portail:Europe/Articles liés, Portail:Histoire/Articles liés, Portail:Histoire militaire/Articles liés, Portail:Italie/Articles liés, Portail:Toscane/Articles liés, Wikipédia:ébauche Toscane",Substitution de mots complexes
54,Siège de Schoonhoven (1304),"Une troupe supplémentaire de Frisons a dû être impliquée, envoyée par Jean Ier, pour pouvoir libérer le vogt de la cité.",Jean Ier a envoyé une troupe supplémentaire de Frisons pour libérer le vogt de la cité.,fr.wikipedia.org/wiki/Si%C3%A8ge_de_Schoonhoven_(1304),"Article géolocalisé aux Pays-Bas, Article utilisant une Infobox, Bataille de 1304, Comté de Hollande, Histoire de la province de Hollande-Méridionale, Page avec des cartes, Page sans coordonnées Wikidata, Portail:Europe/Articles liés, Portail:Histoire/Articles liés, Portail:Histoire militaire/Articles liés, Portail:Moyen Âge/Articles liés, Portail:Moyen Âge tardif/Articles liés, Portail:Pays-Bas/Articles liés, Wikipédia:ébauche Pays-Bas, Wikipédia:ébauche bataille, Wikipédia:ébauche histoire",Formes actives au lieu de passives
60,Société à 2000 watts,"À partir d’un certain niveau, plus d’énergie n’implique pas forcément une meilleure qualité de vie.",Plus d’énergie n’implique pas forcément une meilleure qualité de vie.,fr.wikipedia.org/wiki/Soci%C3%A9t%C3%A9_%C3%A0_2000_watts,"Article contenant un lien mort, Portail:Environnement/Articles liés, Portail:Europe/Articles liés, Portail:Suisse/Articles liés, Portail:Technologies/Articles liés, Portail:Énergie/Articles liés, Économie d'énergie, Énergie en Suisse",Élimination des informations non essentielles
65,Chlorothalonil-R471811,C'est l'un des résidus de pesticides retrouvés le plus souvent comme contaminant de l'eau destinée à la consommation humaine.,C'est un des pesticides les plus souvent trouvés dans l'eau potable.,fr.wikipedia.org/wiki/Chlorothalonil-R471811,"Article avec modèle CAS à vérifier, Article utilisant une Infobox, CAS manquant, Chimiebox à maintenir, Pesticide, Pollution du sol, Portail:Agriculture et agronomie/Articles liés, Portail:Biologie/Articles liés, Portail:Botanique/Articles liés, Portail:Chimie/Articles liés, Portail:Mycologie/Articles liés, Portail:Protection des cultures/Articles liés, Portail:Sciences/Articles liés, Projet:Biologie/Pages liées, Sécurité des aliments",Suppression des clauses complexes
69,La Rose Blanche (association),"Son nom est une appropriation de celui du groupe antinazi La Rose Blanche, auquel il n'a aucun rapport.","Son nom est une appropriation de celui du groupe antinazi La Rose Blanche, sans rapport avec ce groupe.",fr.wikipedia.org/wiki/La_Rose_Blanche_(association),"Article contenant un appel à traduction en anglais, Article utilisant le modèle Dictionnaires inactif, Association ou organisme lié à la politique, Autocollant, Influenceur numérique sur Telegram, Opposition à la politique anti-Covid-19, Page pointant vers des bases externes, Page pointant vers des bases relatives à la musique, Page utilisant P1728, Page utilisant P1953, Page utilisant P3478, Page utilisant P434, Page utilisant P5882, Page utilisant P856, Page utilisant le modèle Autorité inactif, Pandémie de Covid-19 au Royaume-Uni, Portail:Années 2020/Articles liés, Portail:Associations/Articles liés, Portail:Europe/Articles liés, Portail:Maladie à coronavirus 2019/Articles liés, Portail:Maladies infectieuses/Articles liés, Portail:Médecine/Articles liés, Portail:Politique/Articles liés, Portail:Royaume-Uni/Articles liés, Portail:Société/Articles liés, Wikipédia:ébauche association, Wikipédia:ébauche politique",Propositions positives au lieu de négatives
73,Internat (établissement scolaire),La prise en charge est effectuée par des personnels travailleurs sociaux issus de l'éducation spécialisée.,Les personnels travailleurs sociaux issus de l'éducation spécialisée effectuent la prise en charge.,fr.wikipedia.org/wiki/Internat_(%C3%A9tablissement_scolaire),"Article avec une section vide ou incomplète, Article manquant de références/Liste complète, Article manquant de références depuis novembre 2017, Article à référence nécessaire, Habitat humain, Internat, Portail:Société/Articles liés, Portail:Éducation/Articles liés, Wikipédia:ébauche éducation, École",Formes actives au lieu de passives
74,Magistrature d'influence,"Dans une moindre mesure, cette fonction s'observe également sous la Ve lors des périodes de cohabitation.",Cette fonction s'observe également sous la Ve lors des périodes de cohabitation.,fr.wikipedia.org/wiki/Magistrature_d%27influence,"Droit public, Portail:Politique/Articles liés, Régime politique, Science politique, Sociologie politique, Wikipédia:ébauche droit, Wikipédia:ébauche politique",Suppression des clauses complexes
75,Prix Makomi,"Trois prix sont proposés : prix de la meilleure nouvelle, prix du meilleur livre,  prix de la meilleure poésie.","Trois prix sont proposés. Il s'agit du prix de la meilleure nouvelle, du prix du meilleur livre et du prix de la meilleure poésie.",fr.wikipedia.org/wiki/Prix_Makomi,"Article utilisant une Infobox, Culture en république démocratique du Congo, Distinction francophone, Littérature africaine, Littérature de langue française, Portail:Afrique/Articles liés, Portail:Culture/Articles liés, Portail:Langue française et francophonie/Articles liés, Portail:Langues/Articles liés, Portail:Littérature/Articles liés, Portail:République démocratique du Congo/Articles liés, Prix littéraire",Réduction de la longueur des phrases
76,Vrai Nord,Le vrai Nord est un terme de navigation se référant à la direction du pôle Nord géographique par rapport à la position du navigateur.,Le vrai Nord désigne la direction du pôle Nord géographique par rapport au navigateur.,fr.wikipedia.org/wiki/Vrai_Nord,"Arctique, Article à référence nécessaire, Cartographie, Orientation, Portail:Arctique/Articles liés, Portail:Aéronautique/Articles liés, Portail:Géographie/Articles liés, Portail:Information géographique/Articles liés, Portail:Maritime/Articles liés, Portail:Navire/Articles liés, Portail:Technologies/Articles liés, Portail:Transports/Articles liés, Portail:Voile/Articles liés, Vocabulaire général de la navigation, Vocabulaire maritime, Wikipédia:ébauche géographie",Omission des mots redondants
83,Société géographique royale du Canada,"Elle remet aussi quelques prix : la Médaille Massey, la Médaille d'Or, la Médaille Camsell et le Prix canadien de l'innovation environnementale.","Elle remet aussi quelques prix. Il s'agit de la Médaille Massey, la Médaille d'Or, la Médaille Camsell et le Prix canadien de l'innovation environnementale.",fr.wikipedia.org/wiki/Soci%C3%A9t%C3%A9_g%C3%A9ographique_royale_du_Canada,"Article manquant de références/Liste complète, Article manquant de références depuis juin 2020, Article utilisant l'infobox Organisation, Article utilisant une Infobox, Article à illustrer Organisation, Association ou organisme ayant son siège à Ottawa, Géographie du Canada, Institution au Canada, Organisme canadien sous patronage royal, Page géolocalisable sans coordonnées paramétrées, Page utilisant P159, Page utilisant P17, Page utilisant P2813, Page utilisant P31, Page utilisant P571, Page utilisant P856, Portail:Amérique/Articles liés, Portail:Amérique du Nord/Articles liés, Portail:Canada/Articles liés, Portail:Géographie/Articles liés, Société de géographie, Wikipédia:ébauche Canada, Wikipédia:ébauche association, Wikipédia:ébauche géographie",Réduction de la longueur des phrases
86,Jessie E. Woods,"Elle marche également sur les ailes d'avions en vol en sautant en parachute ou se balance en dessous, ses genoux tenant une échelle de corde.",Elle marche également sur les ailes d'avions en vol ou se balance en dessous,fr.wikipedia.org/wiki/Jessie_E._Woods,"Article orphelin/Liste complète, Article orphelin depuis novembre 2022, Article utilisant l'infobox Biographie2, Article utilisant l'infobox Biographie2 avec une charte sans catégorie, Article utilisant une Infobox, Article à illustrer Biographie, Article à référence souhaitée, Décès dans le comté de Barton (Kansas), Décès en mars 2001, Décès à 92 ans, Naissance en janvier 1909, Naissance à Stafford, Page utilisant P106, Page utilisant P119, Page utilisant P166, Page utilisant P27, Page utilisant des données de Wikidata à traduire de l'anglais, Personnalité de l'aéronautique, Personnalité féminine américaine, Pionnière de l'aviation, Portail:Amérique/Articles liés, Portail:Amérique du Nord/Articles liés, Portail:Aéronautique/Articles liés, Portail:Biographie/Articles liés/Entreprises, Portail:Femmes/Articles liés, Portail:Technologies/Articles liés, Portail:Transports/Articles liés, Portail:États-Unis/Articles liés, Wikipédia:Article biographique",Suppression des clauses complexes
87,Individu roi,"Devant un risque évident ou potentiel, la perception de ce risque est-elle la même pour tous les individus ?",La perception d'un risque évident ou potentiel est-elle la même pour tous ?,fr.wikipedia.org/wiki/Individu_roi,"Article contenant un appel à traduction en anglais, Concept de psychologie, Parentalité, Portail:Enfance/Articles liés, Portail:Psychologie/Articles liés, Portail:Sciences/Articles liés, Portail:Sciences humaines et sociales/Articles liés, Portail:Société/Articles liés, Portail:Éducation/Articles liés, Psychologie du développement, Wikipédia:ébauche psychologie, Wikipédia:ébauche éducation",Omission des mots redondants
90,Recourbe-cils,"Un recourbe-cils est un objet permettant de courber les cils d'un œil, qu'ils soient naturels ou faux.",Un recourbe-cils permet de courber les cils naturels ou faux.,fr.wikipedia.org/wiki/Recourbe-cils,"Article utilisant l'infobox Objet, Article utilisant une Infobox, Maquillage, Page utilisant P129, Page utilisant P186, Page utilisant P279, Portail:Biologie/Articles liés, Portail:Culture/Articles liés, Portail:Mode/Articles liés, Portail:Physiologie/Articles liés, Portail:Sciences/Articles liés, Portail:Œil et vue/Articles liés, Soin du corps, Wikipédia:ébauche mode et vêtement, Œil",Omission des mots redondants
93,Govdex,"Bien documenté, se référant à une documentation précise et complète, Govdex est d'utilisation simple.","Avec une documentation précise et complète, Govdex est d'utilisation simple.",fr.wikipedia.org/wiki/Govdex,"Administration en ligne, Internet, Politique en Australie, Portail:Australie/Articles liés, Portail:Informatique/Articles liés, Portail:Internet/Articles liés, Portail:Médias/Articles liés, Portail:Océanie/Articles liés, Portail:Politique/Articles liés, Portail:Société/Articles liés",Suppression des clauses complexes
97,Grand stade de Marrakech,"En plus du stade principal, il y a également un stade annexe doté d’une aire d’athlétisme de six couloirs.",Il y a également un stade annexe avec une aire d’athlétisme de six couloirs.,fr.wikipedia.org/wiki/Grand_stade_de_Marrakech,"Article géolocalisé au Maroc, Article utilisant l'infobox Stade, Article utilisant une Infobox, Football à Marrakech, Kawkab de Marrakech, Page avec coordonnées similaires sur Wikidata, Page avec des cartes, Page utilisant des arguments dupliqués dans les appels de modèle, Portail:Afrique/Articles liés, Portail:Architecture et urbanisme/Articles liés, Portail:Athlétisme/Articles liés, Portail:Football/Articles liés, Portail:Maghreb/Articles liés, Portail:Maroc/Articles liés, Portail:Marrakech/Articles liés, Portail:Monde arabe/Articles liés, Portail:Sport/Articles liés, Stade d'athlétisme au Maroc, Stade de football au Maroc, Stade multifonction au Maroc, Stade portant le nom d'une ville, Équipement sportif achevé en 2011",Suppression des clauses complexes
99,Wat Dhammachaksemaram,"Des statues du Bouddha en bronze, des plaques de terre cuite, des perles de verre et d'autres petits objets ont aussi été trouvés sur le site.","On a aussi trouvé des statues du Bouddha en bronze, des plaques de terre cuite, des perles de verre et d'autres petits objets sur le site.",fr.wikipedia.org/wiki/Wat_Dhammachaksemaram,"657, Article géolocalisé en Thaïlande, Article utilisant l'infobox Temple bouddhiste, Article utilisant une Infobox, Catégorie Commons avec lien local identique sur Wikidata, Page avec des balises de coordonnées mal formées, Page avec des cartes, Page géolocalisée par Wikidata, Page utilisant une adresse fournie par Wikidata, Portail:Architecture et urbanisme/Articles liés, Portail:Asie/Articles liés, Portail:Bouddhisme/Articles liés, Portail:Religions et croyances/Articles liés, Portail:Thaïlande/Articles liés, Projet:Asie du Sud-Est/Articles liés, Province de Nakhon Ratchasima, Temple bouddhiste en Thaïlande, Wikipédia:ébauche Thaïlande, Wikipédia:ébauche architecture, Wikipédia:ébauche bouddhisme",Formes actives au lieu de passives
101,Animateur de formation,"C’est à lui de prévenir et de régler les situations de crise, et ainsi maintenir le bon ordre du groupe.",C’est à lui de prévenir et de régler les crises pour maintenir l'ordre du groupe.,fr.wikipedia.org/wiki/Animateur_de_formation,"Animation socioculturelle, Article manquant de références/Liste complète, Article manquant de références depuis novembre 2017, Métier de l'éducation, Portail:Société/Articles liés, Portail:Travail et métiers/Articles liés, Portail:Économie/Articles liés, Portail:Éducation/Articles liés, Wikipédia:ébauche métier",Omission des mots redondants
109,La Baigneuse aux bras levés,"La sculpture est installée depuis 1964 dans le jardin du Carrousel aux Tuileries, dans le 1er arrondissement de Paris.",La sculpture est installée depuis 1964 dans le jardin du Carrousel aux Tuileries.,fr.wikipedia.org/wiki/La_Baigneuse_aux_bras_lev%C3%A9s,"Article géolocalisé en France, Article utilisant l'infobox Art, Article utilisant une Infobox, Catégorie Commons avec lien local différent sur Wikidata, Page avec coordonnées similaires sur Wikidata, Page avec des cartes, Page utilisant P571, Portail:Arts/Articles liés, Portail:Europe/Articles liés, Portail:France/Articles liés, Portail:Paris/Articles liés, Portail:Sculpture/Articles liés, Portail:Île-de-France/Articles liés, Sculpture d'Aristide Maillol, Sculpture des années 1920, Sculpture en bronze, Wikipédia:ébauche sculpture, Œuvre d'art dans le jardin des Tuileries",Élimination des informations non essentielles
111,Dictons météorologiques,Certains proverbes concernant des dates données peuvent s'expliquer par les conditions macro-climatiques en la période donnée.,Les conditions macro-climatiques de la période expliquent certains proverbes concernant des dates données.,fr.wikipedia.org/wiki/Dictons_m%C3%A9t%C3%A9orologiques,"Croyance, Dicton météorologique, Histoire de la météorologie, Portail:Météorologie/Articles liés, Portail:Sciences/Articles liés, Portail:Sciences de la Terre et de l'Univers/Articles liés, Proverbe",Formes actives au lieu de passives
112,Chad (argot),"Le terme « chad » est souvent utilisé pour désigner une personne pour laquelle on a de l’estime, que l’on respecte, voire que l’on apprécie.","Le terme « chad » est souvent utilisé pour désigner une personne estimée, respectée et appréciée.",fr.wikipedia.org/wiki/Chad_(argot),"Article contenant un lien mort, Culture Internet, Culture à Chicago, Expression argotique, Groupe social, Manosphère, Phénomène Internet, Portail:Amérique/Articles liés, Portail:Amérique du Nord/Articles liés, Portail:Chicago/Articles liés, Portail:Illinois/Articles liés, Portail:Informatique/Articles liés, Portail:Internet/Articles liés, Portail:Médias/Articles liés, Portail:Sciences humaines et sociales/Articles liés, Portail:Sexualité et sexologie/Articles liés, Portail:Société/Articles liés, Portail:États-Unis/Articles liés, Sous-culture, Sous-culture incel, Stéréotype masculin, Séduction, Wikipédia:ébauche sociologie",Suppression des clauses complexes
115,Thriller (genre),Le hasard périlleux et les confrontations violentes sont également des éléments standards d'une intrigue de thriller.,Le hasard et les confrontations violentes sont des éléments standards d'une intrigue de thriller.,fr.wikipedia.org/wiki/Thriller_(genre),"Article de Wikipédia avec notice d'autorité, Article utilisant le modèle Dictionnaires inactif, Catégorie Commons avec lien local différent sur Wikidata, Genre cinématographique, Genre et forme littéraire, Littérature policière, Page utilisant un modèle Bases inactif, Portail:Cinéma/Articles liés, Portail:Littérature/Articles liés, Portail:Médias/Articles liés, Portail:Polar/Articles liés, Portail:Télévision/Articles liés, Thriller",Omission des mots redondants
132,Le Noël des petits animaux de la forêt,"Le père Noël est doublé par Thierry Wermuth (Stan Marsh, Randy Marsh, Gerald Broflovski, Terrance...) dans cet épisode.","Le père Noël est doublé par Thierry Wermuth dans cet épisode.",fr.wikipedia.org/wiki/Le_No%C3%ABl_des_petits_animaux_de_la_for%C3%AAt,"Article utilisant une Infobox, Article à illustrer Épisode de série télévisée, Portail:Amérique/Articles liés, Portail:Animation/Articles liés, Portail:Années 2000/Articles liés, Portail:Culture/Articles liés, Portail:Fêtes et traditions/Articles liés, Portail:Histoire/Articles liés, Portail:Loisirs et divertissements/Articles liés, Portail:Médias/Articles liés, Portail:Religions et croyances/Articles liés, Portail:Société/Articles liés, Portail:South Park/Articles liés, Portail:Séries télévisées/Articles liés, Portail:Séries télévisées américaines/Articles liés, Portail:Télévision/Articles liés, Portail:XXIe siècle/Articles liés, Portail:Époque contemporaine/Articles liés, Portail:États-Unis/Articles liés, Satanisme, Épisode de South Park, saison 8",Éviter les parenthèses et les incises
136,Agnes Kafula,"Elle a été maire de Windhoek de novembre 2012 à décembre 2014, puis députée à l'assemblée nationale de 2015 à 2020.","Elle a dirigé Windhoek de novembre 2012 à décembre 2014, puis siégé à l'assemblée nationale de 2015 à 2020.",fr.wikipedia.org/wiki/Agnes_Kafula,"Article contenant un appel à traduction en anglais, Article utilisant l'infobox Biographie2, Article utilisant l'infobox Biographie2 avec la charte personnalité politique, Article utilisant une Infobox, Article à illustrer Biographie, Corruption, Femme politique namibienne, Naissance en novembre 1955, Page utilisant P106, Page utilisant P27, Page utilisant P39, Portail:Afrique/Articles liés, Portail:Biographie/Articles liés/Politique, Portail:Namibie/Articles liés, Portail:Politique/Articles liés, Wikipédia:Article biographique",Formes actives au lieu de passives
146,Beakhead,"Les beakheads se trouvent dans l'architecture romane, principalement en Angleterre, Irlande, Espagne et, en France, en Anjou et Normandie.","Les beakheads se trouvent dans l'architecture romane. Ils sont principalement en Angleterre, Irlande, Espagne, France, Anjou et Normandie.",fr.wikipedia.org/wiki/Beakhead,"Arc (architecture), Architecture de style normand, Article contenant un lien mort, Catégorie Commons avec lien local identique sur Wikidata, Portail:Architecture et urbanisme/Articles liés, Wikipédia:ébauche architecture",Réduction de la longueur des phrases
149,Liste des pays ayant des restaurants McDonald's,La liste des pays est communiquée par l'entreprise et contient plusieurs territoires non souverains.,"L'entreprise communique la liste des pays, contenant plusieurs territoires non souverains.",fr.wikipedia.org/wiki/Liste_des_pays_ayant_des_restaurants_McDonald%27s,"Article à wikifier/Liste complète, Article à wikifier depuis juin 2022, Liste de pays, Liste de restaurants, McDonald's, Portail:Alimentation et gastronomie/Articles liés, Portail:Société/Articles liés",Formes actives au lieu de passives
152,Prix national de la photographie (Espagne),"Il récompense l'œuvre d'un photographe qui, par sa création artistique, a contribué à enrichir le patrimoine culturel espagnol.",Il récompense l'œuvre d'un photographe qui a enrichi le patrimoine culturel espagnol.,fr.wikipedia.org/wiki/Prix_national_de_la_photographie_(Espagne),"Article avec une section vide ou incomplète, Article contenant un appel à traduction en espagnol, Article utilisant une Infobox, Article à illustrer Récompense, Photographie en Espagne, Portail:Arts/Articles liés, Portail:Espagne/Articles liés, Portail:Europe/Articles liés, Portail:Photographie/Articles liés, Portail:Récompenses et distinctions/Articles liés, Portail:Société/Articles liés, Prix nationaux d'Espagne, Récompense en photographie",Suppression des clauses complexes
181,Ordre des psychologues du Québec,L’Ordre des psychologues du Québec est un ordre professionnel qui regroupe les psychologues du Québec.,L’Ordre des psychologues du Québec est un ordre professionnel.,fr.wikipedia.org/wiki/Ordre_des_psychologues_du_Qu%C3%A9bec,"Article utilisant une Infobox, Association ou organisme ayant son siège à Montréal, Association ou organisme lié à la psychologie, Association ou organisme lié à la santé au Québec, Mont-Royal (Québec), Ordre professionnel au Québec, Page géolocalisable sans coordonnées paramétrées, Portail:Amérique/Articles liés, Portail:Amérique du Nord/Articles liés, Portail:Associations/Articles liés, Portail:Canada/Articles liés, Portail:Psychologie/Articles liés, Portail:Québec/Articles liés, Portail:Sciences/Articles liés, Portail:Sciences humaines et sociales/Articles liés, Portail:Société/Articles liés, Santé mentale au Québec, Wikipédia:ébauche Québec, Wikipédia:ébauche psychologie",Suppression des clauses complexes
184,Discothèque,"Depuis 2004, il est estimé approximativement un nombre de 30 à 50 fermetures annuelles par Ludovic Rambaud, un temps rédacteur en chef de DJ Mag.","Ludovic Rambaud, ancien rédacteur en chef de DJ Mag, estime depuis 2004 qu'il y a environ 30 à 50 fermetures annuelles.",fr.wikipedia.org/wiki/Discoth%C3%A8que,"Article contenant un appel à traduction en anglais, Article de Wikipédia avec notice d'autorité, Article à référence nécessaire, Catégorie Commons avec lien local identique sur Wikidata, Discothèque, Industrie musicale, Page pointant vers des bases externes, Page pointant vers des dictionnaires ou encyclopédies généralistes, Page utilisant P1296, Page utilisant P1417, Page utilisant P4342, Page utilisant P8313, Page utilisant un modèle Bases inactif, Portail:Arts/Articles liés, Portail:Danse/Articles liés, Portail:Loisirs et divertissements/Articles liés, Portail:Musique/Articles liés, Portail:Musique électronique/Articles liés, Salle de concert",Formes actives au lieu de passives
185,1520 Sedgwick Avenue,"1520 Sedgwick Avenue est un immeuble d'habitation à loyer modéré situé à Morris Heights, quartier populaire de l'arrondissement du Bronx, à New York.","1520 Sedgwick Avenue est un immeuble à loyer modéré à Morris Heights, dans le Bronx, à New York.",fr.wikipedia.org/wiki/1520_Sedgwick_Avenue,"Article contenant un appel à traduction en anglais, Article géolocalisé aux États-Unis, Article utilisant l'infobox Monument, Article utilisant une Infobox, Bronx, Bâtiment à New York, Hip-hop aux États-Unis, Histoire de la musique, Logement social aux États-Unis, Page avec des cartes, Page géolocalisée par Wikidata, Page utilisant P18, Page utilisant P31, Page utilisant P571, Page utilisant P669, Page utilisant une adresse fournie par Wikidata, Portail:Amérique/Articles liés, Portail:Amérique du Nord/Articles liés, Portail:Architecture et urbanisme/Articles liés, Portail:Hip-hop/Articles liés, Portail:Musique/Articles liés, Portail:New York/Articles liés, Portail:New York (État)/Articles liés, Portail:États-Unis/Articles liés, Wikipédia:ébauche New York (État), Wikipédia:ébauche architecture, Wikipédia:ébauche hip-hop",Élimination des informations non essentielles
195,Chadirvan,"Son but était de fournir de l'eau afin d'abreuver ou de permettre d'effectuer les rituels d'ablutions, le wudu, à plusieurs personnes simultanément.","Son but était de donner de l'eau pour boire ou pour permettre de faire les rituels de purification, le wudu, à plusieurs personnes en même temps.",fr.wikipedia.org/wiki/Chadirvan,"Architecture islamique, Catégorie Commons avec lien local différent sur Wikidata, Eau et religion, Fontaine, Portail:Architecture et urbanisme/Articles liés, Portail:Bassins et fontaines/Articles liés, Portail:Eau/Articles liés, Portail:Islam/Articles liés, Portail:Religions et croyances/Articles liés, Portail:Sculpture/Articles liés, Wikipédia:ébauche architecture, Élément d'architecture",Substitution de mots complexes
198,Mémoire collective,L’objectivation nous éclaire sur le processus de reconstruction du passé en fonction de l’état actuel des choses.,L’objectivation montre comment le passé est recréé selon la situation actuelle.,fr.wikipedia.org/wiki/M%C3%A9moire_collective,"Article de Wikipédia avec notice d'autorité, Concept de psychologie, Concept sociologique, Historiographie, Mémoire collective, Page pointant vers des bases externes, Page pointant vers des dictionnaires ou encyclopédies généralistes, Page utilisant P3219, Page utilisant un modèle Bases inactif, Portail:Historiographie/Articles liés, Portail:Psychologie/Articles liés, Portail:Sciences/Articles liés, Portail:Sciences humaines et sociales/Articles liés, Portail:Sociologie/Articles liés, Portail:Société/Articles liés, Psychologie sociale",Substitution de mots complexes
203,Prix Kimura Ihei,Il récompense un ou plusieurs jeunes photographes qui ont été actifs dans l'année par leurs expositions et publications.,Il récompense un ou plusieurs jeunes photographes actifs dans l'année par leurs expositions et publications.,fr.wikipedia.org/wiki/Prix_Kimura_Ihei,"Article avec une section vide ou incomplète, Article contenant un appel à traduction en anglais, Article contenant un appel à traduction en japonais, Article utilisant une Infobox, Article à illustrer Récompense, Distinction fondée en 1975, Page utilisant une présentation en colonnes avec un nombre fixe de colonnes, Portail:Arts/Articles liés, Portail:Asie/Articles liés, Portail:Japon/Articles liés, Portail:Photographie/Articles liés, Portail:Récompenses et distinctions/Articles liés, Portail:Société/Articles liés, Prix artistique au Japon, Récompense en photographie, Wikipédia:ébauche photographie",Formes actives au lieu de passives
227,Centrale nucléaire de Browns Ferry,Incident : la tranche 1 a été arrêtée durant une année à la suite d'un incendie en 1975 qui l'a fortement endommagée.,Incident : On a arrêté la tranche 1 pendant un an à cause d'un incendie en 1975 qui l'a fortement endommagée.,fr.wikipedia.org/wiki/Centrale_nucl%C3%A9aire_de_Browns_Ferry,"Article géolocalisé aux États-Unis, Article utilisant l'infobox Centrale nucléaire, Article utilisant une Infobox, Centrale nucléaire aux États-Unis, Comté de Limestone (Alabama), Infrastructure énergétique mise en service en 1973, Infrastructure énergétique mise en service en 1974, Infrastructure énergétique mise en service en 1976, Page avec coordonnées similaires sur Wikidata, Page avec des cartes, Page utilisant P856, Portail:Alabama/Articles liés, Portail:Amérique/Articles liés, Portail:Amérique du Nord/Articles liés, Portail:Industrie/Articles liés, Portail:Nucléaire/Articles liés, Portail:Technologies/Articles liés, Portail:Économie/Articles liés, Portail:Énergie/Articles liés, Portail:États-Unis/Articles liés, Wikipédia:ébauche Alabama, Wikipédia:ébauche industrie, Wikipédia:ébauche nucléaire, Wikipédia:ébauche énergie, Énergie en Alabama",Formes actives au lieu de passives
230,Panasonic Lumix DMC-GH4,"Au moment de sa sortie, le GH4 était le premier appareil hybride du monde capable de filmer en 4K (4K/UHD et 4K/DCI).",Le GH4 était le premier appareil hybride capable de filmer en 4K.,fr.wikipedia.org/wiki/Panasonic_Lumix_DMC-GH4,"Appareil photographique numérique, Article contenant un appel à traduction en allemand, Article contenant un appel à traduction en anglais, Article utilisant une Infobox, Panasonic, Portail:Arts/Articles liés, Portail:Photographie/Articles liés, Produit lancé en 2014, Wikipédia:ébauche photographie",Élimination des informations non essentielles
240,Pulaar,Le nom pulaar (avec un -aa- long) n'est pas à confondre avec l’appellation pular (avec un -a- court) utilisée par les locuteurs du Fouta-Djalon.,Le nom pulaar se distingue de l’appellation pular utilisée par les locuteurs du Fouta-Djalon.,fr.wikipedia.org/wiki/Pulaar,"Article contenant un appel à traduction en anglais, Article utilisant une Infobox, Article à illustrer Langue, Inventaire de langues, Langue peule, Portail:Afrique/Articles liés, Portail:Gambie/Articles liés, Portail:Guinée-Bissau/Articles liés, Portail:Guinée/Articles liés, Portail:Langues/Articles liés, Portail:Langues/Articles liés directement, Portail:Lusophonie/Articles liés, Portail:Mali/Articles liés, Portail:Mauritanie/Articles liés, Portail:Monde arabe/Articles liés, Portail:Société/Articles liés, Portail:Sénégal/Articles liés",Propositions positives au lieu de négatives
251,Sens de rotation,"Pour les vélos, la pédale de gauche est filetée dans le sens anti-horaire pour éviter qu'elle ne se dévisse pendant l'utilisation.","Pour les vélos, la pédale de gauche est filetée dans le sens anti-horaire pour qu'elle reste en place pendant l'utilisation.",fr.wikipedia.org/wiki/Sens_de_rotation,"Concept en physique, Géométrie, Orientation, Portail:Géométrie/Articles liés, Portail:Physique/Articles liés, Portail:Sciences/Articles liés, Projet:Mathématiques/Articles, Rotation",Propositions positives au lieu de négatives
263,Comté de Horn,"Ils commencent à s'intituler comtes de Horn et d'Altena, bien qu'ils ne fussent alors comte ni dans l'une ni dans l'autre de ces terres.","Ils commencent à s'intituler comtes de Horn et d'Altena, même sans être comtes de ces terres.",fr.wikipedia.org/wiki/Comt%C3%A9_de_Horn,"Article utilisant le modèle Dictionnaires inactif, Article utilisant une Infobox, Comté du Saint-Empire romain germanique, Géographie de la province de Limbourg (Pays-Bas), Histoire de la province de Limbourg (Belgique), Kinrooi, Leudal, Maasgouw, Maison de Hornes, Page utilisant le modèle Autorité inactif, Page utilisant un modèle Bases inactif, Politique dans la province de Limbourg (Pays-Bas), Portail:Belgique/Articles liés, Portail:Europe/Articles liés, Portail:Limbourg/Articles liés, Portail:Liège/Articles liés, Portail:Pays-Bas/Articles liés, Portail:Province de Liège/Articles liés, Portail:Région flamande/Articles liés, Portail:Wallonie/Articles liés, Territoire de la principauté de Liège, Weert, Wikipédia:ébauche histoire",Propositions positives au lieu de négatives
270,"Affaire de l'étude de Rind, Tromovitch et Bauserman","La condamnation d'une étude scientifique par le Congrès était, à cette époque, un événement sans précédent.","Le Congrès a condamné une étude scientifique, cela était un événement sans précédent à cette époque.","fr.wikipedia.org/wiki/Affaire_de_l%27%C3%A9tude_de_Rind,_Tromovitch_et_Bauserman","Apologie de la pédophilie, Controverse en psychologie, Controverse scientifique, Histoire de la psychologie, Histoire de la sexologie, Politique aux États-Unis, Portail:Amérique/Articles liés, Portail:Amérique du Nord/Articles liés, Portail:Psychologie/Articles liés, Portail:Sciences/Articles liés, Portail:Sciences humaines et sociales/Articles liés, Portail:Sexualité et sexologie/Articles liés, Portail:États-Unis/Articles liés",Formes actives au lieu de passives
275,Tireuse numérique,"Noritsu Koki (Japon) (plus de 50 % des actions tenues par la famille Nishimoto, créateur du Minilab).","La famille Nishimoto, créateur du Minilab, détient plus de 50 % des actions de Noritsu Koki.",fr.wikipedia.org/wiki/Tireuse_num%C3%A9rique,"Matériel photographique, Portail:Arts/Articles liés, Portail:Photographie/Articles liés",Éviter les parenthèses et les incises
276,Rôle social,"Ces rôles sont les comportements attendus d’un individu (ou parfois d'une organisation), dans l’exercice d’une fonction qui renvoie au statut social.","Ces rôles sont les comportements attendus d’un individu ou organisation, dans l’exercice d’une fonction qui renvoie au statut social.",fr.wikipedia.org/wiki/R%C3%B4le_social,"Anthropologie, Article de Wikipédia avec notice d'autorité, Article manquant de références/Liste complète, Article manquant de références depuis janvier 2020, Concept sociologique, Jeu de rôle, Page pointant vers des bases externes, Page pointant vers des bases relatives à la santé, Page pointant vers des dictionnaires ou encyclopédies généralistes, Page utilisant P1296, Page utilisant P1417, Page utilisant P3219, Page utilisant P486, Portail:Anthropologie/Articles liés, Portail:Sciences humaines et sociales/Articles liés, Portail:Sociologie/Articles liés, Portail:Société/Articles liés, Wikipédia:ébauche sociologie",Éviter les parenthèses et les incises
281,Sony Alpha 380,Le Sony Alpha 380 (typographié α 380) est un reflex d'entrée de gamme commercialisé à partir du premier trimestre 2009 par Sony.,Sony a commercialisé le reflex d'entrée de gamme Le Sony Alpha 380 (typographié α 380) à partir du premier trimestre 2009.,fr.wikipedia.org/wiki/Sony_Alpha_380,"Article avec une section vide ou incomplète, Article utilisant une Infobox, Catégorie Commons avec lien local identique sur Wikidata, Portail:Arts/Articles liés, Portail:Photographie/Articles liés, Produit lancé en 2009, Sony Alpha, Wikipédia:ébauche photographie",Formes actives au lieu de passives
313,Soldiers of Odin,Les Soldiers of Odin (SOO) est une organisation de patrouille de rue opposée à l'immigration formée en octobre 2015 à Kemi en Finlande par Mika Ranta.,"Mika Ranta a formé les Soldiers of Odin (SOO), une organisation de patrouille de rue opposée à l'immigration, en octobre 2015 à Kemi en Finlande.",fr.wikipedia.org/wiki/Soldiers_of_Odin,"Article avec une section vide ou incomplète, Article contenant un lien mort, Article utilisant l'infobox Organisation, Article utilisant une Infobox, Article à référence nécessaire, Auto-justice, Crise migratoire en Europe, Extrême droite en Amérique, Extrême droite en Europe, Organisation nationaliste blanche, Page géolocalisable sans coordonnées paramétrées, Page utilisant P1142, Page utilisant P1387, Page utilisant P17, Portail:Politique/Articles liés, Wikipédia:ébauche politique",Formes actives au lieu de passives
330,Bande-son,"Pour que la masse des bobines ne s'oppose pas aux saccades, il faut laisser entre elles et la fenêtre une boucle d'amortissement.","Pour que la masse des bobines suive les mouvements, il faut laisser entre elles et la fenêtre une boucle d'amortissement.",fr.wikipedia.org/wiki/Bande-son,"Article de Wikipédia avec notice d'autorité, Article à référence nécessaire, Article à référence souhaitée, Bande originale de film, Enregistrement sonore, Page pointant vers des bases externes, Page pointant vers des dictionnaires ou encyclopédies généralistes, Page utilisant P1417, Page utilisant P3365, Page utilisant P8313, Page utilisant un modèle Bases inactif, Portail:Art contemporain/Articles liés, Portail:Arts/Articles liés, Portail:Cinéma/Articles liés, Portail:Musique/Articles liés, Technique cinématographique",Propositions positives au lieu de négatives
357,Stade municipal de Bouna,"Le Stade municipal de Bouna est un stade de football qui se situe dans la ville de Bouna, au nord-est de la Côte d'Ivoire.",Le Stade municipal de Bouna est un stade de football au nord-est de la Côte d'Ivoire.,fr.wikipedia.org/wiki/Stade_municipal_de_Bouna,"Article avec une section vide ou incomplète, Article géolocalisé en Côte d'Ivoire, Article utilisant l'infobox Stade, Article utilisant une Infobox, Article à illustrer Stade, Page avec coordonnées similaires sur Wikidata, Page avec des cartes, Portail:Architecture et urbanisme/Articles liés, Portail:Côte d'Ivoire/Articles liés, Portail:Football/Articles liés, Portail:Sport/Articles liés, Stade de football en Côte d'Ivoire, Stade portant le nom d'une ville, Wikipédia:ébauche Côte d'Ivoire, Wikipédia:ébauche stade de football",Suppression des clauses complexes
359,Coopération interministérielle,"Elle peut impliquer des organismes (comités, commissions, délégations), des réunions, des instructions ou des corps interministériels.","Elle peut impliquer des organismes, des réunions, des instructions ou des corps interministériels.",fr.wikipedia.org/wiki/Coop%C3%A9ration_interminist%C3%A9rielle,"Administration publique, Article avec une section vide ou incomplète, Article contenant un appel à traduction en anglais, Ministère, Portail:Droit/Articles liés, Portail:Politique/Articles liés, Portail:Société/Articles liés, Wikipédia:ébauche droit, Wikipédia:ébauche politique",Éviter les parenthèses et les incises
361,Persée triomphant,Persée triomphant est une sculpture en marbre réalisée par l'artiste néo-classique italien Antonio Canova entre 1797 et 1801.,L'artiste néo-classique italien Antonio Canova a réalisé la sculpture en marbre Persée triomphant entre 1797 et 1801.,fr.wikipedia.org/wiki/Pers%C3%A9e_triomphant,"Article utilisant l'infobox Art, Article utilisant une Infobox, Histoire de la sculpture, Mythologie grecque dans la sculpture, Page utilisant P136, Page utilisant P170, Page utilisant P18, Page utilisant P186, Page utilisant P2048, Page utilisant P217, Page utilisant P276, Page utilisant P571, Page utilisant P941, Portail:Amérique/Articles liés, Portail:Amérique du Nord/Articles liés, Portail:Arts/Articles liés, Portail:Catholicisme/Articles liés, Portail:Christianisme/Articles liés, Portail:Europe/Articles liés, Portail:Grèce antique/Articles liés, Portail:Histoire/Articles liés, Portail:Histoire de l'art/Articles liés, Portail:Metropolitan Museum of Art/Articles liés, Portail:Monde antique/Articles liés, Portail:New York/Articles liés, Portail:New York (État)/Articles liés, Portail:Néo-classicisme/Articles liés, Portail:Religions et croyances/Articles liés, Portail:Sculpture/Articles liés, Portail:Vatican/Articles liés, Portail:États-Unis/Articles liés, Sculpture conservée au Metropolitan Museum of Art, Sculpture d'Antonio Canova, Sculpture en marbre, Sculpture néo-classique, Œuvre conservée au musée Pio-Clementino, Œuvre d'art géolocalisable sans coordonnées paramétrées",Formes actives au lieu de passives
367,Biens communaux,"Pour le pacage, il ne faut pas confondre avec la vaine pâture qui s'effectue sur des terres appropriées.","Pour le pacage, il faut distinguer de la vaine pâture qui se fait sur des terres appropriées.",fr.wikipedia.org/wiki/Biens_communaux,"Agriculture, Ancien Droit, Article avec une section vide ou incomplète, Article contenant un appel à traduction en anglais, Article de Wikipédia avec notice d'autorité, Biens communs, Droit féodal, Page pointant vers des bases externes, Page pointant vers des dictionnaires ou encyclopédies généralistes, Page utilisant P3219, Page utilisant P8313, Page utilisant P902, Page utilisant le modèle Extrait, Page utilisant un modèle Bases inactif, Portail:Agriculture et agronomie/Articles liés, Portail:Biologie/Articles liés, Portail:Droit/Articles liés, Portail:Histoire/Articles liés, Portail:Société/Articles liés, Projet:Biologie/Pages liées",Propositions positives au lieu de négatives
379,Administrateur de la santé publique des États-Unis,Terry et son comité postulent cependant que l'usage de la cigarette contenant de la nicotine ne créait pas de dépendance.,Terry et son comité postulent cependant que l'usage de la cigarette contenant de la nicotine est sans dépendance.,fr.wikipedia.org/wiki/Administrateur_de_la_sant%C3%A9_publique_des_%C3%89tats-Unis,"Article contenant un appel à traduction en anglais, Article contenant un lien mort, Article utilisant une Infobox, Article à référence nécessaire, Département exécutif des États-Unis, Histoire militaire des États-Unis, Ministère de la Santé, Personnalité des Forces armées des États-Unis, Personnalité politique américaine, Portail:Amérique/Articles liés, Portail:Amérique du Nord/Articles liés, Portail:Biologie/Articles liés, Portail:Droit/Articles liés, Portail:Forces armées des États-Unis/Articles liés, Portail:Histoire militaire/Articles liés, Portail:Médecine/Articles liés, Portail:Politique/Articles liés, Portail:Politique aux États-Unis/Articles liés, Portail:Sciences/Articles liés, Portail:Société/Articles liés, Portail:États-Unis/Articles liés, Santé aux États-Unis, Soins de santé aux États-Unis",Propositions positives au lieu de négatives
407,Mémoire auditive,"Elle permet de stocker des informations de nature auditive (sons, paroles…) pendant une période de temps brève (trois à quatre secondes).",Elle permet de stocker des informations de nature auditive pendant une période de temps brève.,fr.wikipedia.org/wiki/M%C3%A9moire_auditive,"Article manquant de références/Liste complète, Article manquant de références depuis mai 2016, Article à référence nécessaire, Concept de psychologie cognitive, Mémoire, Neurosciences, Ouïe, Portail:Biologie/Articles liés, Portail:Neurosciences/Articles liés, Portail:Psychologie/Articles liés, Portail:Sciences/Articles liés, Portail:Sciences humaines et sociales/Articles liés, Projet:Biologie/Pages liées, Psychoacoustique, Wikipédia:ébauche neurosciences, Wikipédia:ébauche psychologie",Éviter les parenthèses et les incises
408,Martini Maccomo,"Son avis de décès dans le New York Herald, indique qu'il avait 31 ans, ce qui induit que son année de naissance entre 1835 et 1840 environ.","Son avis de décès dans le New York Herald, indique qu'il avait 31 ans.",fr.wikipedia.org/wiki/Martini_Maccomo,"Article utilisant l'infobox Biographie2, Article utilisant l'infobox Biographie2 avec la charte par défaut, Article utilisant une Infobox, Artiste de cirque, Bon article en anglais, Dompteur, Page utilisant P106, Page utilisant P18, Page utilisant P19, Page utilisant P20, Page utilisant P569, Page utilisant P570, Portail:Arts/Articles liés, Portail:Arts du spectacle/Articles liés, Portail:Biographie/Articles liés/Culture et arts, Portail:Biologie/Articles liés, Portail:Europe/Articles liés, Portail:Histoire/Articles liés, Portail:Histoire de la zoologie et de la botanique/Articles liés, Portail:Histoire des sciences/Articles liés, Portail:Royaume-Uni/Articles liés, Projet:Biologie/Pages liées, Wikipédia:Article biographique",Suppression des clauses complexes
410,Madeleine Laval,Madeleine Laval (née le 9 juin 1912 - morte le 2 juin 2002) est une germaniste et une traductrice française.,Madeleine Laval est une germaniste et une traductrice française.,fr.wikipedia.org/wiki/Madeleine_Laval,"Article de Wikipédia avec notice d'autorité, Article utilisant l'infobox Biographie2, Article utilisant l'infobox Biographie2 avec la charte spécialiste du langage, Article utilisant le modèle Dictionnaires inactif, Article utilisant une Infobox, Article à illustrer Biographie, Décès en juin 2002, E. T. A. Hoffmann, Enseignant de l'enseignement secondaire, Germaniste français, Naissance en juin 1912, Page utilisant P106, Page utilisant P19, Page utilisant P20, Page utilisant P26, Page utilisant P27, Page utilisant P569, Page utilisant P570, Page utilisant un modèle Bases inactif, Portail:Biographie/Articles liés/Culture et arts, Portail:Littérature/Articles liés, Portail:Société/Articles liés, Portail:Éducation/Articles liés, Traducteur depuis l'allemand vers le français, Traductrice française, Wikipédia:Article biographique, Wikipédia:ébauche traduction, Wikipédia:ébauche éducation",Éviter les parenthèses et les incises
420,Indianisation de l'Indonésie,Ils doivent alors justifier de cette plus grande richesse aux yeux de la société dans laquelle ils vivent.,Ils doivent alors justifier de cette plus grande richesse aux yeux de la société.,fr.wikipedia.org/wiki/Indianisation_de_l%27Indon%C3%A9sie,"Article contenant un appel à traduction en anglais, Article contenant un appel à traduction en portugais, Culture indienne, Histoire de l'Asie du Sud-Est, Histoire de l'Indonésie, Portail:Asie/Articles liés, Portail:Indonésie/Articles liés, Portail:Monde indien/Articles liés, Projet:Asie du Sud-Est/Articles liés, Wikipédia:ébauche culture",Suppression des clauses complexes
423,Opération de rénovation urbaine,"La mairie ouvre aussi une grande médiathèque dans le quartier de Grammont, ancien quartier des abattoirs.",La mairie ouvre une grande médiathèque dans le quartier de Grammont.,fr.wikipedia.org/wiki/Op%C3%A9ration_de_r%C3%A9novation_urbaine,"Article avec une section vide ou incomplète, Droit de l'urbanisme en France, Portail:Architecture et urbanisme/Articles liés, Portail:Droit/Articles liés, Portail:Droit français/Articles liés, Portail:Europe/Articles liés, Portail:France/Articles liés, Portail:Société/Articles liés, Renouvellement urbain",Élimination des informations non essentielles
430,Patricien (Moyen Âge et Temps modernes),Les patriciens étaient généralement membres des conseils municipaux et s'appropriaient les fonctions civiques les plus importantes.,Les patriciens étaient souvent membres des conseils de ville et prenaient les rôles publics les plus importants.,fr.wikipedia.org/wiki/Patricien_(Moyen_%C3%82ge_et_Temps_modernes),"Article contenant un appel à traduction en allemand, Article contenant un lien mort, Article de Wikipédia avec notice d'autorité, Groupe social, Page pointant vers des bases externes, Page pointant vers des dictionnaires ou encyclopédies généralistes, Page utilisant P5019, Page utilisant un modèle Bases inactif, Portail:Histoire/Articles liés, Portail:Moyen Âge/Articles liés",Substitution de mots complexes
434,Zubr (Biélorussie),Zubr signifie bison en référence au dernier peuplement de bison d'Europe qui ne survivent plus que dans une forêt entre la Pologne et la Biélorussie.,Zubr signifie bison en référence au dernier peuplement de bison d'Europe qui survivent uniquement dans une forêt entre la Pologne et la Biélorussie.,fr.wikipedia.org/wiki/Zubr_(Bi%C3%A9lorussie),"Article contenant un appel à traduction en anglais, Article contenant un appel à traduction en biélorusse, Article contenant un appel à traduction en orthographe classique biélorusse, Article contenant un appel à traduction en russe, Mouvement démocratique biélorusse, Politique en Biélorussie, Portail:Biélorussie/Articles liés, Portail:Europe/Articles liés, Portail:Politique/Articles liés, Wikipédia:ébauche Biélorussie, Wikipédia:ébauche politique",Propositions positives au lieu de négatives
438,Étude probabiliste de sûreté,"Cette méthode a été utilisée pour vérifier la sûreté des centrales nucléaires, qui repose sur une conception déterministe (Défense en profondeur).","On a utilisé cette méthode pour vérifier la sûreté des centrales nucléaires, qui repose sur une conception déterministe (Défense en profondeur).",fr.wikipedia.org/wiki/%C3%89tude_probabiliste_de_s%C3%BBret%C3%A9,"Industrie, Ingénierie, Portail:Industrie/Articles liés, Portail:Probabilités et statistiques/Articles liés, Portail:Sciences/Articles liés, Portail:Technologies/Articles liés, Portail:Économie/Articles liés, Projet:Mathématiques/Articles, Sûreté de fonctionnement, Wikipédia:ébauche sécurité",Formes actives au lieu de passives
440,Torm (entreprise),La société est cotée à Copenhague (elle est incluse dans l'indice OMX Copenhagen) et au NASDAQ de New York.,La société est cotée à Copenhague et au NASDAQ de New York.,fr.wikipedia.org/wiki/Torm_(entreprise),"Article contenant un appel à traduction en anglais, Article manquant de références/Liste complète, Article manquant de références depuis juin 2023, Article utilisant une Infobox, Article à illustrer Entreprise, Compagnie maritime, Entreprise ayant son siège à Copenhague, Industrie pétrolière au Danemark, Page utilisant P112, Page utilisant P127, Page utilisant P1454, Page utilisant P159, Page utilisant P414, Page utilisant P452, Page utilisant P571, Page utilisant P856, Page utilisant des données de Wikidata à traduire de l'anglais, Portail:Danemark/Articles liés, Portail:Entreprises/Articles liés, Portail:Europe/Articles liés, Portail:Maritime/Articles liés, Portail:Technologies/Articles liés, Portail:Économie/Articles liés, Portail:Énergie/Articles liés, Portail:Énergie fossile/Articles liés, Transport de l'énergie, Wikipédia:Pomme/Liste complète, Wikipédia:Pomme créée en 2015, Wikipédia:Pomme présentée sur le bistro en 2023",Éviter les parenthèses et les incises
455,Capitale de l'Italie,Rome ne devint la capitale définitive du royaume qu'en 1871 après la conquête du Latium et que le pape ne se soit réfugié au sein du Vatican.,Rome devint la capitale définitive du royaume en 1871 après la conquête du Latium et le refuge du pape au Vatican.,fr.wikipedia.org/wiki/Capitale_de_l%27Italie,"Article manquant de références/Liste complète, Article manquant de références depuis mars 2017, Article utilisant le modèle Dictionnaires inactif, Capitale en Europe, Page utilisant le modèle Autorité inactif, Page utilisant un modèle Bases inactif, Portail:Europe/Articles liés, Portail:Géographie/Articles liés, Portail:Histoire/Articles liés, Portail:Italie/Articles liés, Ville en Italie, Wikipédia:ébauche Italie, Wikipédia:ébauche géographie, Wikipédia:ébauche histoire",Propositions positives au lieu de négatives
461,Portrait de la journaliste Sylvia von Harden,"L’absence d’éléments décoratifs du fond accentue la « présence » forte du personnage, rien ne venant distraire le regard.","L’absence d’éléments décoratifs accentue la « présence » forte du personnage, concentrant entièrement le regard sur lui.",fr.wikipedia.org/wiki/Portrait_de_la_journaliste_Sylvia_von_Harden,"Article utilisant l'infobox Art, Article utilisant une Infobox, Article à illustrer Art, Cigarette dans la peinture, Nouvelle objectivité, Page pointant vers des bases externes, Page pointant vers des bases relatives aux beaux-arts, Page pointant vers des dictionnaires ou encyclopédies généralistes, Page utilisant P135, Page utilisant P136, Page utilisant P217, Page utilisant P6058, Page utilisant P6323, Page utilisant P6355, Page utilisant le modèle Autorité inactif, Portail:Allemagne/Articles liés, Portail:Années 1920/Articles liés, Portail:Art contemporain/Articles liés, Portail:Arts/Articles liés, Portail:Centre Pompidou/Articles liés, Portail:Entre-deux-guerres/Articles liés, Portail:Europe/Articles liés, Portail:France/Articles liés, Portail:Histoire/Articles liés, Portail:Paris/Articles liés, Portail:Peinture/Articles liés, Portail:XXe siècle/Articles liés, Portail:Époque contemporaine/Articles liés, Portail:Île-de-France/Articles liés, Portrait de femme, Tableau d'Otto Dix, Tableau réalisé en 1926, Œuvre conservée au musée national d'Art moderne",Propositions positives au lieu de négatives
466,Embauchoir,"Il existe également des embauchoirs simples, en plastique ou en métal embouti, avec ou sans ressort.",Il existe également des embauchoirs simples en plastique ou en métal embouti.,fr.wikipedia.org/wiki/Embauchoir,"Accessoire lié à la chaussure, Catégorie Commons avec lien local identique sur Wikidata, Portail:Culture/Articles liés, Portail:Mode/Articles liés, Portail:Technologies/Articles liés, Wikipédia:ébauche mode et vêtement",Élimination des informations non essentielles
478,DAZN,Le service est décrit par le Evening Standard comme l'une des rares « licornes » technologiques du Royaume-Uni.,Le Evening Standard décrit le service comme l'une des rares « licornes » technologiques du Royaume-Uni.,fr.wikipedia.org/wiki/DAZN,"Article utilisant une Infobox, Article à illustrer Entreprise, Chaîne de télévision sportive, Entreprise fondée en 2016, Page utilisant P127, Page utilisant P159, Page utilisant P571, Page utilisant P856, Portail:Entreprises/Articles liés, Portail:Informatique/Articles liés, Portail:Internet/Articles liés, Portail:Médias/Articles liés, Portail:Société/Articles liés, Portail:Sport/Articles liés, Portail:Économie/Articles liés, Vidéo à la demande, Wikipédia:ébauche Internet, Wikipédia:ébauche entreprise, Wikipédia:ébauche sport",Formes actives au lieu de passives
489,Front haut,"Cette coiffure était en vogue au Moyen Âge chez les femmes de la noblesse européenne, et constituait alors un critère de beauté.",Cette coiffure était en vogue au Moyen Âge chez les femmes de la noblesse européenne.,fr.wikipedia.org/wiki/Front_haut,"Mode gabber, Portail:Culture/Articles liés, Portail:Gabber/Articles liés, Portail:Histoire/Articles liés, Portail:Mode/Articles liés, Portail:Moyen Âge/Articles liés, Portail:Musique électronique/Articles liés, Portail:Médias/Articles liés, Portail:Pays-Bas/Articles liés, Type de coiffure, Wikipédia:ébauche Moyen Âge, Wikipédia:ébauche gabber, Wikipédia:ébauche mode et vêtement",Élimination des informations non essentielles
500,Culture de Sao Tomé-et-Principe,"Les pratiques sociales, rituels et événements festifs relèvent (pour partie) du patrimoine culturel immatériel de l'humanité.","Les pratiques sociales, rituels et événements festifs relèvent du patrimoine culturel immatériel de l'humanité.",fr.wikipedia.org/wiki/Culture_de_Sao_Tom%C3%A9-et-Principe,"Article avec une section vide ou incomplète, Article contenant un appel à traduction en anglais, Catégorie Commons avec lien local identique sur Wikidata, Culture santoméenne, Portail:Afrique/Articles liés, Portail:Culture/Articles liés, Portail:Lusophonie/Articles liés, Portail:Sao Tomé-et-Principe/Articles liés, Wikipédia:ébauche Sao Tomé-et-Principe, Wikipédia:ébauche culture",Éviter les parenthèses et les incises
501,Le Père Goriot,"Ce personnage, que Balzac appelait une « colonne vertébrale » de La Comédie humaine, apparaît pour la première fois dans ce roman.",Ce personnage de La Comédie humaine apparaît pour la première fois dans ce roman.,fr.wikipedia.org/wiki/Le_P%C3%A8re_Goriot,,Suppression des clauses complexes
502,Carl Sagan,"La sonde Phoenix, qui a quitté la Terre le 4 août 2007, a emporté à son bord un message audio de Carl Sagan destiné aux futurs colons de la planète Mars.",La sonde Phoenix a quitté la Terre le 4 août 2007 avec un message audio de Carl Sagan pour les futurs colons de la planète Mars.,fr.wikipedia.org/wiki/Carl_Sagan,,Transformation des propositions relatives
503,Moby-Dick,"Melville, qui fut lui aussi marin, et notamment baleinier de 1840 à 1842, comme la plupart des héros de ses romans, s'est inspiré de faits réels.","Melville, un marin et baleinier de 1840 à 1842, s'inspire de faits réels dans ses romans.",fr.wikipedia.org/wiki/Moby-Dick,,Suppression des clauses complexes
504,Océan Pacifique,"Le qualificatif de Pacifique est donné à cet océan par le navigateur portugais Fernand de Magellan en 1520, en raison des eaux calmes qu'il y rencontre.",Le navigateur portugais Fernand de Magellan a nommé cet océan 'Pacifique' en 1520 pour ses eaux calmes.,fr.wikipedia.org/wiki/Oc%C3%A9an_Pacifique,,Suppression des clauses complexes
505,Matrix (film),Neo prend la décision d'aller les affronter pour sauver Morpheus mais au mépris de sa vie après une longue course-poursuite.,"Neo décide d'affronter les ennemis pour sauver Morpheus, risquant sa vie.",fr.wikipedia.org/wiki/Matrix_(film),,Suppression des clauses complexes
506,Tunnelier,Un tunnelier est une machine permettant d'excaver des tunnels dans des sols et des roches variées allant du sable au granite.,"Un tunnelier est une machine qui creuse des tunnels dans différents types de sols, du sable au granite.",fr.wikipedia.org/wiki/Tunnelier,,Substitution de mots complexes
507,Parapente,"Le parapente est un aéronef dérivé du parachute, permettant la pratique du vol libre ou du paramoteur.","Le parapente, dérivé du parachute, permet le vol libre ou le paramoteur.",fr.wikipedia.org/wiki/Parapente,,Omission des mots redondants
508,"Titanic (film, 1997)","Intégrant à la fois des aspects historiques et fictifs, le film est basé sur le récit du naufrage du RMS Titanic et met en vedette Leonardo DiCaprio et Kate Winslet.","Mélangeant histoire et fiction, le film raconte le naufrage du Titanic et met en avant Leonardo DiCaprio et Kate Winslet.","fr.wikipedia.org/wiki/Titanic_(film,_1997)",,Substitution de mots complexes
509,Langues sémitiques,"L’existence des langues sémitiques remonte à plus de quatre millénaires, avec l’akkadien et l’ougaritique.","Les langues sémitiques existent depuis plus de quatre millénaires, avec l’akkadien et l’ougaritique.",fr.wikipedia.org/wiki/Langues_sémitiques,,Omission des mots redondants
510,Rodion Raskolnikov,Une lettre reçue de sa mère change la donne : elle lui écrit que le mariage de sa sœur est prévu bientôt avec un certain Loujine.,"Une lettre de sa mère révèle que sa sœur va bientôt épouser un certain Loujine, changeant ses plans",fr.wikipedia.org/wiki/Rodion_Raskolnikov,,Transformation des propositions relatives
511,Révolution française,Le roi doit consentir à quitter Versailles (qu'il ne reverra jamais) et est escorté par la foule à Paris.,Le roi consent à quitter Versailles et est escorté à Paris.,fr.wikipedia.org/wiki/Révolution_française,,Éviter les parenthèses et les incises
512,Manga,"Les manga ont fortement influencé la culture japonaise dans le domaine de l'animation, de la musique et du jeu vidéo.","Les mangas ont influencé la culture japonaise dans l'animation, la musique et les jeux vidéo.",fr.wikipedia.org/wiki/Manga,,Omission des mots redondants
513,Histoire d'Internet,La somme de tous ces développements conduisit au « réseau des réseaux » (network of networks) que nous connaissons aujourd’hui en tant qu'Internet.,"Tous ces développements ont abouti à l'Internet, également connu sous le nom de « réseau des réseaux.",fr.wikipedia.org/wiki/Histoire_d%27Internet,,Omission des mots redondants
514,Dualité onde-corpuscule,Ce principe met en évidence le caractère fondamentalement probabiliste de la mécanique quantique.,Ce principe montre que la mécanique quantique est fondamentalement probabiliste.,fr.wikipedia.org/wiki/Dualité_onde-corpuscule,,Substitution de mots complexes
515,Cuisine méditerranéenne,"Divers auteurs ont souhaité définir la portée de la cuisine méditerranéenne soit par la géographie, soit par ses ingrédients de base.",Divers auteurs ont défini la cuisine méditerranéenne par sa géographie ou ses ingrédients de base.,fr.wikipedia.org/wiki/Cuisine_méditerranéenne,,Omission des mots redondants
516,Chirurgie,"Il n'y a plus qu'un enseignement unique comprenant la médecine, la chirurgie et les accouchements.","L'enseignement est désormais unifié, incluant médecine, chirurgie et accouchements.",fr.wikipedia.org/wiki/Chirurgie,,Suppression des clauses complexes
517,Amazone (fleuve),Il est le plus grand fleuve du monde en termes de débit d'eau et l'un des plus grands en termes de longueur.,C'est le plus grand fleuve du monde en débit d'eau et l'un des plus longs.,fr.wikipedia.org/wiki/Amazone_(fleuve),,Omission des mots redondants
